date,item_name,total_amount_sold
2023-07-07,BLACK VELVET,8235
2023-09-20,BLACK VELVET,3683
2023-08-02,BLACK VELVET,2819
2023-11-30,BLACK VELVET,2075
2023-05-22,BLACK VELVET,5891
2023-06-06,BLACK VELVET,5297
2024-01-15,BLACK VELVET,2813
2023-12-04,BLACK VELVET,1571
2024-03-25,BLACK VELVET,2992
2023-11-09,BLACK VELVET,3986
2023-04-19,BLACK VELVET,2786
2023-10-11,BLACK VELVET,4756
2023-04-25,BLACK VELVET,4441
2023-11-14,BLACK VELVET,5364
2023-09-25,BLACK VELVET,2292
2023-12-21,BLACK VELVET,2920
2023-09-26,BLACK VELVET,6788
2024-03-07,BLACK VELVET,3175
2024-03-12,BLACK VELVET,4191
2023-11-22,BLACK VELVET,4118
2023-11-13,BLACK VELVET,1746
2023-09-04,BLACK VELVET,72
2023-03-29,BLACK VELVET,2651
2023-11-12,BLACK VELVET,975
2024-03-15,BLACK VELVET,2953
2023-02-02,BLACK VELVET,3861
2023-12-12,BLACK VELVET,6718
2023-06-28,BLACK VELVET,3617
2024-03-26,BLACK VELVET,4911
2023-11-26,BLACK VELVET,1502
2023-01-16,BLACK VELVET,2879
2024-01-07,BLACK VELVET,652
2023-10-31,BLACK VELVET,3964
2023-05-03,BLACK VELVET,6162
2023-12-09,BLACK VELVET,5386
2023-05-10,BLACK VELVET,3699
2023-12-15,BLACK VELVET,5223
2024-03-17,BLACK VELVET,1774
2024-01-03,BLACK VELVET,3810
2023-07-13,BLACK VELVET,2899
2023-04-12,BLACK VELVET,2806
2023-07-25,BLACK VELVET,4185
2023-06-21,BLACK VELVET,3633
2023-11-02,BLACK VELVET,3463
2024-02-12,BLACK VELVET,2969
2024-03-11,BLACK VELVET,2935
2023-03-09,BLACK VELVET,3106
2023-08-01,BLACK VELVET,4318
2023-03-27,BLACK VELVET,3110
2023-11-20,BLACK VELVET,2508
2023-10-02,BLACK VELVET,4413
2023-01-09,BLACK VELVET,3342
2023-07-03,BLACK VELVET,4404
2023-05-15,BLACK VELVET,4410
2024-02-13,BLACK VELVET,3346
2023-08-07,BLACK VELVET,3348
2024-02-09,BLACK VELVET,3837
2023-02-03,BLACK VELVET,9367
2023-12-20,BLACK VELVET,4123
2023-05-04,BLACK VELVET,4391
2023-01-12,BLACK VELVET,3176
2024-03-22,BLACK VELVET,3450
2023-01-19,BLACK VELVET,2180
2023-12-06,BLACK VELVET,13432
2023-11-28,BLACK VELVET,2591
2024-01-02,BLACK VELVET,3744
2023-05-30,BLACK VELVET,4280
2023-12-27,BLACK VELVET,5567
2023-08-31,BLACK VELVET,3757
2023-03-01,BLACK VELVET,2925
2023-01-13,BLACK VELVET,3194
2023-03-23,BLACK VELVET,3349
2023-06-20,BLACK VELVET,4588
2023-04-18,BLACK VELVET,4016
2023-01-26,BLACK VELVET,3168
2024-03-01,BLACK VELVET,3680
2023-08-10,BLACK VELVET,2584
2023-05-11,BLACK VELVET,4104
2023-03-15,BLACK VELVET,2483
2024-01-01,BLACK VELVET,12
2023-07-28,BLACK VELVET,5977
2023-03-20,BLACK VELVET,3103
2023-03-30,BLACK VELVET,1863
2023-05-08,BLACK VELVET,4093
2024-01-24,BLACK VELVET,3105
2023-07-11,BLACK VELVET,4630
2023-07-20,BLACK VELVET,2180
2024-01-29,BLACK VELVET,3227
2023-05-24,BLACK VELVET,5271
2023-01-06,BLACK VELVET,2614
2023-01-27,BLACK VELVET,6252
2023-07-27,BLACK VELVET,3090
2023-10-16,BLACK VELVET,3353
2023-04-06,BLACK VELVET,3071
2023-07-26,BLACK VELVET,4921
2023-12-30,BLACK VELVET,3127
2024-02-06,BLACK VELVET,7630
2023-04-14,BLACK VELVET,4526
2023-04-11,BLACK VELVET,3923
2024-02-14,BLACK VELVET,5693
2023-03-06,BLACK VELVET,3537
2024-01-30,BLACK VELVET,4877
2023-01-23,BLACK VELVET,2844
2023-03-16,BLACK VELVET,2850
2023-06-09,BLACK VELVET,4575
2023-07-05,BLACK VELVET,5216
2023-06-08,BLACK VELVET,3109
2023-02-21,BLACK VELVET,7223
2024-03-08,BLACK VELVET,2743
2023-06-26,BLACK VELVET,1527
2024-02-04,BLACK VELVET,1265
2024-02-21,BLACK VELVET,4552
2024-03-13,BLACK VELVET,2573
2023-06-29,BLACK VELVET,5044
2024-01-04,BLACK VELVET,3209
2023-10-27,BLACK VELVET,4603
2023-01-31,BLACK VELVET,5027
2023-12-14,BLACK VELVET,3653
2023-11-03,BLACK VELVET,3163
2023-02-08,BLACK VELVET,6712
2023-05-26,BLACK VELVET,5881
2023-08-14,BLACK VELVET,3133
2023-10-05,BLACK VELVET,3369
2023-04-03,BLACK VELVET,3086
2023-12-16,BLACK VELVET,1059
2023-11-15,BLACK VELVET,3508
2023-03-24,BLACK VELVET,4779
2023-03-26,BLACK VELVET,6
2023-05-18,BLACK VELVET,3354
2024-02-08,BLACK VELVET,5453
2024-01-23,BLACK VELVET,2863
2023-05-16,BLACK VELVET,6033
2023-05-02,BLACK VELVET,7810
2023-10-22,BLACK VELVET,2216
2023-01-24,BLACK VELVET,3772
2023-06-27,BLACK VELVET,5955
2023-06-16,BLACK VELVET,4839
2024-02-22,BLACK VELVET,3796
2023-08-28,BLACK VELVET,1519
2023-04-26,BLACK VELVET,3982
2023-09-08,BLACK VELVET,6348
2023-07-18,BLACK VELVET,4023
2024-03-29,BLACK VELVET,4572
2024-02-23,BLACK VELVET,2719
2023-05-31,BLACK VELVET,7198
2023-10-12,BLACK VELVET,3214
2023-06-22,BLACK VELVET,2784
2023-02-28,BLACK VELVET,3564
2024-02-25,BLACK VELVET,3953
2023-09-19,BLACK VELVET,5316
2023-02-16,BLACK VELVET,2842
2023-07-14,BLACK VELVET,5109
2024-03-24,BLACK VELVET,621
2023-02-17,BLACK VELVET,5297
2024-01-18,BLACK VELVET,2449
2023-09-15,BLACK VELVET,5201
2023-11-23,BLACK VELVET,684
2024-03-04,BLACK VELVET,2019
2023-02-13,BLACK VELVET,5469
2024-01-12,BLACK VELVET,1085
2023-01-17,BLACK VELVET,3616
2023-01-20,BLACK VELVET,2948
2023-06-14,BLACK VELVET,3153
2024-02-27,BLACK VELVET,9812
2023-11-24,BLACK VELVET,4176
2023-09-01,BLACK VELVET,5624
2023-06-19,BLACK VELVET,3693
2023-11-25,BLACK VELVET,107
2023-05-12,BLACK VELVET,5833
2023-08-25,BLACK VELVET,5364
2023-10-25,BLACK VELVET,3726
2023-08-23,BLACK VELVET,3266
2023-02-06,BLACK VELVET,7127
2023-12-19,BLACK VELVET,5736
2023-08-04,BLACK VELVET,4276
2023-01-29,BLACK VELVET,126
2024-01-28,BLACK VELVET,682
2023-04-07,BLACK VELVET,4180
2023-11-29,BLACK VELVET,2441
2023-01-05,BLACK VELVET,3494
2023-07-19,BLACK VELVET,3259
2024-02-19,BLACK VELVET,5459
2023-09-27,BLACK VELVET,3260
2024-03-03,BLACK VELVET,422
2023-03-28,BLACK VELVET,4347
2023-11-18,BLACK VELVET,936
2024-01-26,BLACK VELVET,2548
2023-07-23,BLACK VELVET,18
2023-01-04,BLACK VELVET,3450
2023-04-17,BLACK VELVET,3408
2023-02-09,BLACK VELVET,8542
2023-01-11,BLACK VELVET,2559
2023-08-09,BLACK VELVET,3851
2023-08-15,BLACK VELVET,4413
2023-02-12,BLACK VELVET,48
2023-11-16,BLACK VELVET,3259
2023-07-12,BLACK VELVET,4956
2023-08-03,BLACK VELVET,2488
2023-06-03,BLACK VELVET,4097
2024-03-20,BLACK VELVET,3254
2024-03-27,BLACK VELVET,3721
2023-07-31,BLACK VELVET,2899
2023-06-23,BLACK VELVET,5150
2023-07-17,BLACK VELVET,5118
2024-02-11,BLACK VELVET,2964
2023-12-03,BLACK VELVET,1416
2023-12-18,BLACK VELVET,4438
2023-09-05,BLACK VELVET,4135
2024-02-20,BLACK VELVET,3732
2023-02-20,BLACK VELVET,4276
2023-02-22,BLACK VELVET,4181
2023-12-08,BLACK VELVET,865
2023-02-23,BLACK VELVET,10010
2023-10-04,BLACK VELVET,5186
2023-11-07,BLACK VELVET,4431
2023-09-21,BLACK VELVET,2934
2023-10-13,BLACK VELVET,3805
2023-11-27,BLACK VELVET,2650
2023-01-30,BLACK VELVET,4012
2023-10-17,BLACK VELVET,6524
2024-03-14,BLACK VELVET,3258
2023-09-11,BLACK VELVET,3286
2023-09-22,BLACK VELVET,5868
2024-03-05,BLACK VELVET,2553
2023-10-10,BLACK VELVET,5786
2023-08-11,BLACK VELVET,4243
2023-05-05,BLACK VELVET,10560
2023-12-05,BLACK VELVET,7466
2023-04-28,BLACK VELVET,4608
2023-09-29,BLACK VELVET,4944
2023-06-13,BLACK VELVET,3598
2023-07-06,BLACK VELVET,8401
2024-01-10,BLACK VELVET,3742
2023-07-21,BLACK VELVET,6154
2024-01-22,BLACK VELVET,3909
2023-04-04,BLACK VELVET,3694
2024-01-31,BLACK VELVET,3441
2023-04-13,BLACK VELVET,3042
2023-05-23,BLACK VELVET,10273
2023-06-12,BLACK VELVET,3102
2023-11-11,BLACK VELVET,2851
2024-03-06,BLACK VELVET,3180
2023-12-29,BLACK VELVET,4049
2023-07-24,BLACK VELVET,4211
2023-05-25,BLACK VELVET,5689
2024-02-29,BLACK VELVET,3004
2023-12-28,BLACK VELVET,5777
2023-03-08,BLACK VELVET,3081
2023-11-10,BLACK VELVET,1331
2023-03-03,BLACK VELVET,5717
2023-05-21,BLACK VELVET,36
2023-12-10,BLACK VELVET,2026
2023-12-01,BLACK VELVET,4171
2023-03-02,BLACK VELVET,2004
2024-02-07,BLACK VELVET,6009
2024-02-01,BLACK VELVET,2773
2023-10-15,BLACK VELVET,2154
2023-09-06,BLACK VELVET,8730
2024-01-25,BLACK VELVET,3596
2023-11-06,BLACK VELVET,1518
2023-04-09,BLACK VELVET,6
2023-04-24,BLACK VELVET,3402
2024-02-28,BLACK VELVET,4787
2023-11-17,BLACK VELVET,4607
2023-02-10,BLACK VELVET,6481
2023-08-08,BLACK VELVET,3158
2023-04-27,BLACK VELVET,3065
2023-08-16,BLACK VELVET,3376
2024-02-26,BLACK VELVET,4431
2023-10-18,BLACK VELVET,2659
2023-10-19,BLACK VELVET,5115
2023-03-14,BLACK VELVET,3477
2023-06-15,BLACK VELVET,3470
2023-01-02,BLACK VELVET,74
2023-06-07,BLACK VELVET,3117
2023-08-29,BLACK VELVET,5281
2024-01-14,BLACK VELVET,2412
2023-02-01,BLACK VELVET,5018
2023-04-21,BLACK VELVET,4558
2024-01-11,BLACK VELVET,2349
2023-05-19,BLACK VELVET,6046
2023-03-21,BLACK VELVET,3140
2023-08-21,BLACK VELVET,3249
2023-10-06,BLACK VELVET,5194
2024-02-16,BLACK VELVET,2426
2023-10-30,BLACK VELVET,5707
2023-07-08,BLACK VELVET,3891
2023-08-18,BLACK VELVET,5297
2023-08-30,BLACK VELVET,2570
2024-02-15,BLACK VELVET,3532
2023-08-17,BLACK VELVET,2778
2023-07-10,BLACK VELVET,3358
2023-12-22,BLACK VELVET,5253
2023-01-08,BLACK VELVET,2464
2023-02-27,BLACK VELVET,4197
2024-01-09,BLACK VELVET,3159
2023-04-10,BLACK VELVET,3883
2023-09-07,BLACK VELVET,10448
2024-03-10,BLACK VELVET,1710
2023-05-01,BLACK VELVET,5031
2023-10-09,BLACK VELVET,2995
2023-08-24,BLACK VELVET,2942
2023-05-09,BLACK VELVET,6475
2023-06-01,BLACK VELVET,3963
2023-06-05,BLACK VELVET,2401
2023-02-24,BLACK VELVET,8313
2023-04-20,BLACK VELVET,3067
2023-05-17,BLACK VELVET,4502
2023-09-28,BLACK VELVET,2962
2023-03-13,BLACK VELVET,3257
2023-06-30,BLACK VELVET,5461
2023-02-15,BLACK VELVET,3813
2023-11-21,BLACK VELVET,5246
2023-04-05,BLACK VELVET,3172
2023-10-03,BLACK VELVET,5587
2024-02-18,BLACK VELVET,711
2023-12-26,BLACK VELVET,2021
2024-01-05,BLACK VELVET,4101
2024-01-08,BLACK VELVET,3284
2023-09-13,BLACK VELVET,5346
2024-03-28,BLACK VELVET,2543
2023-06-02,BLACK VELVET,3014
2023-01-03,BLACK VELVET,3339
2024-03-18,BLACK VELVET,3003
2023-01-10,BLACK VELVET,3816
2023-09-09,BLACK VELVET,6114
2023-11-05,BLACK VELVET,2032
2023-10-26,BLACK VELVET,2488
2023-03-22,BLACK VELVET,3011
2023-02-07,BLACK VELVET,12513
2023-12-07,BLACK VELVET,8794
2024-01-17,BLACK VELVET,3862
2024-01-16,BLACK VELVET,4821
2023-11-19,BLACK VELVET,2745
2023-01-15,BLACK VELVET,24
2023-03-07,BLACK VELVET,3756
2023-02-14,BLACK VELVET,5717
2023-11-01,BLACK VELVET,2374
2023-09-14,BLACK VELVET,3293
2024-02-02,BLACK VELVET,4396
2023-09-18,BLACK VELVET,3497
2023-03-31,BLACK VELVET,4961
2024-03-21,BLACK VELVET,3294
2023-08-22,BLACK VELVET,3644
2023-10-24,BLACK VELVET,3988
2023-01-18,BLACK VELVET,2686
2023-09-02,BLACK VELVET,8
2023-11-08,BLACK VELVET,3377
2023-10-20,BLACK VELVET,2376
2024-01-21,BLACK VELVET,460
2023-01-25,BLACK VELVET,3711
2023-10-23,BLACK VELVET,3530
2023-12-11,BLACK VELVET,6444
2023-12-13,BLACK VELVET,4781
2023-03-10,BLACK VELVET,4243
2024-03-19,BLACK VELVET,3864
2023-09-12,BLACK VELVET,5310
2024-01-19,BLACK VELVET,2678
2024-02-05,BLACK VELVET,4315
2023-03-17,BLACK VELVET,4296
2023-08-28,HAWKEYE VODKA,1623
2023-08-29,HAWKEYE VODKA,4845
2023-11-25,HAWKEYE VODKA,90
2024-01-28,HAWKEYE VODKA,537
2023-11-29,HAWKEYE VODKA,2366
2023-03-17,HAWKEYE VODKA,3636
2024-01-05,HAWKEYE VODKA,3420
2023-02-16,HAWKEYE VODKA,1422
2023-12-14,HAWKEYE VODKA,1798
2023-01-20,HAWKEYE VODKA,3431
2023-08-30,HAWKEYE VODKA,2746
2023-12-04,HAWKEYE VODKA,1346
2023-04-27,HAWKEYE VODKA,2194
2023-04-14,HAWKEYE VODKA,3560
2023-11-03,HAWKEYE VODKA,2476
2023-02-01,HAWKEYE VODKA,2766
2023-01-25,HAWKEYE VODKA,2132
2023-03-21,HAWKEYE VODKA,2793
2023-03-02,HAWKEYE VODKA,1450
2023-07-23,HAWKEYE VODKA,6
2024-03-19,HAWKEYE VODKA,3587
2023-07-03,HAWKEYE VODKA,3159
2023-07-31,HAWKEYE VODKA,1621
2023-02-24,HAWKEYE VODKA,3976
2023-08-02,HAWKEYE VODKA,3565
2023-11-12,HAWKEYE VODKA,750
2023-09-01,HAWKEYE VODKA,3571
2023-11-28,HAWKEYE VODKA,2461
2023-09-09,HAWKEYE VODKA,3157
2024-01-03,HAWKEYE VODKA,3559
2023-03-10,HAWKEYE VODKA,3311
2023-11-21,HAWKEYE VODKA,4620
2023-01-31,HAWKEYE VODKA,2425
2023-10-26,HAWKEYE VODKA,2043
2023-12-30,HAWKEYE VODKA,2003
2023-10-12,HAWKEYE VODKA,2046
2024-02-01,HAWKEYE VODKA,1991
2023-08-14,HAWKEYE VODKA,2610
2023-04-21,HAWKEYE VODKA,3469
2023-01-24,HAWKEYE VODKA,3127
2023-06-20,HAWKEYE VODKA,3467
2024-02-28,HAWKEYE VODKA,3495
2024-03-04,HAWKEYE VODKA,1630
2023-06-26,HAWKEYE VODKA,1383
2023-11-22,HAWKEYE VODKA,3836
2023-11-02,HAWKEYE VODKA,2449
2023-05-17,HAWKEYE VODKA,2272
2023-02-08,HAWKEYE VODKA,2131
2023-07-27,HAWKEYE VODKA,1811
2023-03-28,HAWKEYE VODKA,3640
2023-10-03,HAWKEYE VODKA,2636
2023-06-30,HAWKEYE VODKA,4026
2024-02-08,HAWKEYE VODKA,3911
2023-07-11,HAWKEYE VODKA,3229
2023-08-04,HAWKEYE VODKA,3698
2023-03-06,HAWKEYE VODKA,2917
2024-02-21,HAWKEYE VODKA,3283
2024-01-04,HAWKEYE VODKA,2492
2024-03-11,HAWKEYE VODKA,2408
2023-04-07,HAWKEYE VODKA,3216
2024-02-07,HAWKEYE VODKA,4161
2023-01-08,HAWKEYE VODKA,2247
2023-04-10,HAWKEYE VODKA,2451
2023-05-26,HAWKEYE VODKA,3791
2023-01-12,HAWKEYE VODKA,1671
2024-02-05,HAWKEYE VODKA,1820
2023-12-26,HAWKEYE VODKA,1944
2023-01-10,HAWKEYE VODKA,3085
2023-09-25,HAWKEYE VODKA,1308
2023-10-18,HAWKEYE VODKA,2979
2023-10-22,HAWKEYE VODKA,1702
2023-09-19,HAWKEYE VODKA,3137
2023-07-26,HAWKEYE VODKA,3151
2023-09-15,HAWKEYE VODKA,3318
2023-07-18,HAWKEYE VODKA,2927
2024-01-07,HAWKEYE VODKA,140
2024-03-18,HAWKEYE VODKA,2807
2023-12-05,HAWKEYE VODKA,3143
2023-07-13,HAWKEYE VODKA,1486
2023-06-06,HAWKEYE VODKA,4037
2023-03-20,HAWKEYE VODKA,2605
2024-03-20,HAWKEYE VODKA,2576
2024-03-21,HAWKEYE VODKA,2387
2023-09-13,HAWKEYE VODKA,3844
2023-05-23,HAWKEYE VODKA,4143
2024-02-12,HAWKEYE VODKA,2282
2023-09-26,HAWKEYE VODKA,4678
2023-02-13,HAWKEYE VODKA,2691
2023-03-08,HAWKEYE VODKA,2929
2024-01-29,HAWKEYE VODKA,2168
2023-05-31,HAWKEYE VODKA,2561
2023-05-12,HAWKEYE VODKA,3822
2023-08-31,HAWKEYE VODKA,2822
2023-02-10,HAWKEYE VODKA,3439
2023-01-27,HAWKEYE VODKA,4025
2023-10-10,HAWKEYE VODKA,3590
2023-09-29,HAWKEYE VODKA,3740
2024-03-13,HAWKEYE VODKA,2767
2023-09-14,HAWKEYE VODKA,1901
2023-12-07,HAWKEYE VODKA,3673
2023-03-16,HAWKEYE VODKA,1749
2023-05-21,HAWKEYE VODKA,60
2023-12-11,HAWKEYE VODKA,2814
2023-07-10,HAWKEYE VODKA,2839
2023-02-14,HAWKEYE VODKA,1788
2024-02-23,HAWKEYE VODKA,1268
2023-01-18,HAWKEYE VODKA,2898
2023-09-08,HAWKEYE VODKA,2140
2023-08-01,HAWKEYE VODKA,3806
2023-05-22,HAWKEYE VODKA,3362
2023-08-23,HAWKEYE VODKA,2380
2023-08-03,HAWKEYE VODKA,2612
2023-04-17,HAWKEYE VODKA,3331
2023-09-27,HAWKEYE VODKA,2626
2023-09-12,HAWKEYE VODKA,2531
2023-11-01,HAWKEYE VODKA,2002
2023-01-23,HAWKEYE VODKA,2904
2023-08-16,HAWKEYE VODKA,2626
2023-06-02,HAWKEYE VODKA,1774
2023-06-05,HAWKEYE VODKA,2402
2023-12-28,HAWKEYE VODKA,2600
2023-03-23,HAWKEYE VODKA,1996
2023-08-07,HAWKEYE VODKA,2927
2024-03-25,HAWKEYE VODKA,1989
2023-04-25,HAWKEYE VODKA,2714
2023-03-30,HAWKEYE VODKA,1569
2023-01-30,HAWKEYE VODKA,2610
2024-03-14,HAWKEYE VODKA,2688
2023-05-01,HAWKEYE VODKA,2146
2023-12-03,HAWKEYE VODKA,1284
2024-01-09,HAWKEYE VODKA,3124
2023-09-11,HAWKEYE VODKA,2542
2023-09-07,HAWKEYE VODKA,2012
2024-03-08,HAWKEYE VODKA,2116
2023-06-08,HAWKEYE VODKA,3101
2023-06-19,HAWKEYE VODKA,3301
2023-10-04,HAWKEYE VODKA,2657
2023-11-17,HAWKEYE VODKA,3327
2023-04-13,HAWKEYE VODKA,2200
2024-01-18,HAWKEYE VODKA,1901
2023-09-02,HAWKEYE VODKA,6
2024-01-21,HAWKEYE VODKA,492
2023-02-20,HAWKEYE VODKA,2489
2024-02-26,HAWKEYE VODKA,2749
2024-03-24,HAWKEYE VODKA,494
2023-08-08,HAWKEYE VODKA,2292
2023-10-13,HAWKEYE VODKA,2414
2023-10-30,HAWKEYE VODKA,2459
2023-12-06,HAWKEYE VODKA,3382
2023-02-22,HAWKEYE VODKA,1444
2024-01-12,HAWKEYE VODKA,1098
2023-06-21,HAWKEYE VODKA,2584
2024-01-10,HAWKEYE VODKA,3292
2023-12-01,HAWKEYE VODKA,2732
2023-02-23,HAWKEYE VODKA,4167
2023-03-07,HAWKEYE VODKA,2906
2023-08-15,HAWKEYE VODKA,2958
2023-06-09,HAWKEYE VODKA,4354
2023-12-16,HAWKEYE VODKA,593
2024-02-22,HAWKEYE VODKA,2685
2023-03-22,HAWKEYE VODKA,2386
2023-03-27,HAWKEYE VODKA,2481
2023-12-21,HAWKEYE VODKA,1989
2023-06-13,HAWKEYE VODKA,3519
2024-02-27,HAWKEYE VODKA,3353
2023-12-19,HAWKEYE VODKA,4344
2023-11-05,HAWKEYE VODKA,1318
2023-12-22,HAWKEYE VODKA,3838
2023-09-06,HAWKEYE VODKA,2725
2023-02-02,HAWKEYE VODKA,1958
2023-09-18,HAWKEYE VODKA,2954
2023-01-05,HAWKEYE VODKA,2580
2023-04-26,HAWKEYE VODKA,2652
2024-01-22,HAWKEYE VODKA,3334
2023-04-19,HAWKEYE VODKA,2331
2023-09-21,HAWKEYE VODKA,2270
2023-01-26,HAWKEYE VODKA,1706
2023-01-29,HAWKEYE VODKA,22
2024-01-23,HAWKEYE VODKA,2403
2023-04-03,HAWKEYE VODKA,2432
2024-02-20,HAWKEYE VODKA,2754
2024-03-26,HAWKEYE VODKA,3837
2023-02-27,HAWKEYE VODKA,2484
2023-10-25,HAWKEYE VODKA,2104
2023-02-15,HAWKEYE VODKA,1697
2023-02-21,HAWKEYE VODKA,3387
2023-11-14,HAWKEYE VODKA,4205
2023-08-22,HAWKEYE VODKA,3202
2023-11-15,HAWKEYE VODKA,2394
2023-03-09,HAWKEYE VODKA,2359
2024-01-25,HAWKEYE VODKA,3011
2023-04-20,HAWKEYE VODKA,2326
2023-07-08,HAWKEYE VODKA,2058
2024-01-24,HAWKEYE VODKA,2379
2023-11-08,HAWKEYE VODKA,3435
2023-11-19,HAWKEYE VODKA,2234
2023-01-17,HAWKEYE VODKA,2619
2024-01-19,HAWKEYE VODKA,1641
2023-03-03,HAWKEYE VODKA,3827
2023-10-17,HAWKEYE VODKA,3565
2023-10-11,HAWKEYE VODKA,3656
2023-09-05,HAWKEYE VODKA,2610
2023-07-07,HAWKEYE VODKA,2834
2023-12-08,HAWKEYE VODKA,756
2024-02-18,HAWKEYE VODKA,455
2023-05-30,HAWKEYE VODKA,2806
2023-05-04,HAWKEYE VODKA,2020
2023-06-12,HAWKEYE VODKA,2885
2023-03-29,HAWKEYE VODKA,2638
2024-03-12,HAWKEYE VODKA,3685
2023-11-16,HAWKEYE VODKA,2418
2023-06-28,HAWKEYE VODKA,3670
2023-06-14,HAWKEYE VODKA,2862
2024-01-26,HAWKEYE VODKA,2527
2024-01-30,HAWKEYE VODKA,3467
2023-10-31,HAWKEYE VODKA,3430
2024-02-15,HAWKEYE VODKA,1880
2023-02-03,HAWKEYE VODKA,4472
2023-02-09,HAWKEYE VODKA,3700
2023-02-28,HAWKEYE VODKA,2779
2023-03-31,HAWKEYE VODKA,3580
2023-04-28,HAWKEYE VODKA,3749
2023-11-13,HAWKEYE VODKA,1526
2024-03-05,HAWKEYE VODKA,1977
2023-05-18,HAWKEYE VODKA,2087
2023-10-06,HAWKEYE VODKA,4036
2023-11-11,HAWKEYE VODKA,2475
2023-01-11,HAWKEYE VODKA,2444
2024-01-01,HAWKEYE VODKA,12
2023-06-16,HAWKEYE VODKA,4555
2023-01-09,HAWKEYE VODKA,2756
2023-12-09,HAWKEYE VODKA,2766
2024-03-06,HAWKEYE VODKA,3286
2023-04-24,HAWKEYE VODKA,3121
2023-09-20,HAWKEYE VODKA,2261
2023-05-10,HAWKEYE VODKA,2581
2023-05-24,HAWKEYE VODKA,2944
2023-11-09,HAWKEYE VODKA,2654
2023-07-21,HAWKEYE VODKA,3341
2023-10-02,HAWKEYE VODKA,2143
2023-01-19,HAWKEYE VODKA,1997
2023-07-12,HAWKEYE VODKA,2596
2023-07-14,HAWKEYE VODKA,3550
2023-12-12,HAWKEYE VODKA,3336
2023-05-16,HAWKEYE VODKA,3066
2023-06-03,HAWKEYE VODKA,2630
2024-03-15,HAWKEYE VODKA,2084
2024-03-07,HAWKEYE VODKA,1940
2024-01-17,HAWKEYE VODKA,2543
2023-01-02,HAWKEYE VODKA,80
2023-10-15,HAWKEYE VODKA,1655
2023-11-23,HAWKEYE VODKA,284
2023-05-25,HAWKEYE VODKA,1967
2023-04-05,HAWKEYE VODKA,3370
2023-06-29,HAWKEYE VODKA,3392
2023-12-20,HAWKEYE VODKA,3265
2023-03-24,HAWKEYE VODKA,3364
2023-08-10,HAWKEYE VODKA,2139
2023-02-17,HAWKEYE VODKA,3223
2023-04-04,HAWKEYE VODKA,3035
2023-03-15,HAWKEYE VODKA,2198
2023-07-25,HAWKEYE VODKA,2974
2023-10-23,HAWKEYE VODKA,2661
2024-03-01,HAWKEYE VODKA,3730
2023-08-25,HAWKEYE VODKA,4621
2023-08-17,HAWKEYE VODKA,2054
2024-01-14,HAWKEYE VODKA,2036
2024-03-10,HAWKEYE VODKA,1046
2024-02-09,HAWKEYE VODKA,2049
2023-07-20,HAWKEYE VODKA,1995
2024-01-16,HAWKEYE VODKA,3455
2023-04-06,HAWKEYE VODKA,3407
2024-02-02,HAWKEYE VODKA,2724
2023-01-06,HAWKEYE VODKA,2281
2023-06-07,HAWKEYE VODKA,2677
2023-11-20,HAWKEYE VODKA,1373
2023-08-09,HAWKEYE VODKA,2851
2023-10-16,HAWKEYE VODKA,1570
2023-10-24,HAWKEYE VODKA,3513
2023-07-17,HAWKEYE VODKA,3229
2024-03-28,HAWKEYE VODKA,1871
2024-02-14,HAWKEYE VODKA,3407
2023-08-21,HAWKEYE VODKA,2352
2024-02-13,HAWKEYE VODKA,2480
2023-12-13,HAWKEYE VODKA,3068
2023-06-01,HAWKEYE VODKA,3142
2023-03-14,HAWKEYE VODKA,2866
2024-03-22,HAWKEYE VODKA,3395
2023-04-18,HAWKEYE VODKA,3503
2023-08-11,HAWKEYE VODKA,3392
2023-05-05,HAWKEYE VODKA,3026
2023-04-12,HAWKEYE VODKA,2588
2023-07-05,HAWKEYE VODKA,1991
2023-10-20,HAWKEYE VODKA,1756
2023-09-28,HAWKEYE VODKA,1641
2023-09-04,HAWKEYE VODKA,6
2023-12-10,HAWKEYE VODKA,1210
2023-10-05,HAWKEYE VODKA,1951
2023-11-07,HAWKEYE VODKA,3786
2023-01-13,HAWKEYE VODKA,3303
2024-01-15,HAWKEYE VODKA,2270
2024-03-17,HAWKEYE VODKA,1203
2023-08-18,HAWKEYE VODKA,3743
2024-02-29,HAWKEYE VODKA,1882
2024-01-08,HAWKEYE VODKA,2518
2023-10-09,HAWKEYE VODKA,2682
2023-06-27,HAWKEYE VODKA,4050
2023-05-15,HAWKEYE VODKA,2312
2023-03-26,HAWKEYE VODKA,6
2023-10-27,HAWKEYE VODKA,4061
2024-03-27,HAWKEYE VODKA,2940
2023-07-28,HAWKEYE VODKA,3512
2023-05-19,HAWKEYE VODKA,4661
2024-02-04,HAWKEYE VODKA,1185
2023-05-11,HAWKEYE VODKA,2550
2023-05-02,HAWKEYE VODKA,2792
2024-01-02,HAWKEYE VODKA,2325
2024-02-25,HAWKEYE VODKA,1368
2023-02-06,HAWKEYE VODKA,2512
2023-04-11,HAWKEYE VODKA,3180
2023-08-24,HAWKEYE VODKA,2276
2023-12-15,HAWKEYE VODKA,3751
2023-05-03,HAWKEYE VODKA,2615
2024-02-11,HAWKEYE VODKA,2180
2023-07-19,HAWKEYE VODKA,2600
2023-06-23,HAWKEYE VODKA,4186
2023-06-15,HAWKEYE VODKA,2553
2023-05-09,HAWKEYE VODKA,3025
2023-03-13,HAWKEYE VODKA,2725
2024-03-03,HAWKEYE VODKA,416
2023-06-22,HAWKEYE VODKA,2032
2023-11-24,HAWKEYE VODKA,3020
2023-11-30,HAWKEYE VODKA,1759
2023-09-22,HAWKEYE VODKA,3682
2023-12-29,HAWKEYE VODKA,2329
2024-03-29,HAWKEYE VODKA,3277
2023-07-06,HAWKEYE VODKA,2478
2023-11-27,HAWKEYE VODKA,2687
2023-12-18,HAWKEYE VODKA,2141
2023-01-03,HAWKEYE VODKA,2563
2023-11-10,HAWKEYE VODKA,1394
2024-02-06,HAWKEYE VODKA,4950
2023-07-30,HAWKEYE VODKA,12
2023-01-16,HAWKEYE VODKA,2801
2024-02-16,HAWKEYE VODKA,1685
2024-02-19,HAWKEYE VODKA,3492
2023-07-24,HAWKEYE VODKA,2991
2023-11-26,HAWKEYE VODKA,779
2024-01-31,HAWKEYE VODKA,3108
2023-03-01,HAWKEYE VODKA,2520
2023-12-27,HAWKEYE VODKA,3544
2023-02-07,HAWKEYE VODKA,3223
2023-10-19,HAWKEYE VODKA,2418
2023-11-06,HAWKEYE VODKA,1132
2023-01-04,HAWKEYE VODKA,2630
2023-11-18,HAWKEYE VODKA,813
2024-01-11,HAWKEYE VODKA,1688
2023-05-08,HAWKEYE VODKA,2652
2024-01-23,FIVE O'CLOCK VODKA,801
2023-04-24,FIVE O'CLOCK VODKA,833
2023-12-04,FIVE O'CLOCK VODKA,351
2024-01-18,FIVE O'CLOCK VODKA,502
2023-06-12,FIVE O'CLOCK VODKA,773
2023-07-27,FIVE O'CLOCK VODKA,414
2023-10-26,FIVE O'CLOCK VODKA,542
2023-10-06,FIVE O'CLOCK VODKA,1072
2023-12-13,FIVE O'CLOCK VODKA,888
2023-11-07,FIVE O'CLOCK VODKA,1068
2023-07-07,FIVE O'CLOCK VODKA,869
2023-11-17,FIVE O'CLOCK VODKA,974
2024-01-29,FIVE O'CLOCK VODKA,472
2023-12-03,FIVE O'CLOCK VODKA,266
2024-02-21,FIVE O'CLOCK VODKA,959
2023-11-30,FIVE O'CLOCK VODKA,524
2023-08-18,FIVE O'CLOCK VODKA,1340
2023-09-01,FIVE O'CLOCK VODKA,1179
2023-03-31,FIVE O'CLOCK VODKA,1288
2023-11-09,FIVE O'CLOCK VODKA,1029
2023-09-08,FIVE O'CLOCK VODKA,515
2023-10-03,FIVE O'CLOCK VODKA,1186
2023-04-04,FIVE O'CLOCK VODKA,1418
2023-06-15,FIVE O'CLOCK VODKA,706
2023-09-13,FIVE O'CLOCK VODKA,1085
2024-02-15,FIVE O'CLOCK VODKA,578
2023-08-22,FIVE O'CLOCK VODKA,2342
2023-12-21,FIVE O'CLOCK VODKA,447
2023-10-10,FIVE O'CLOCK VODKA,1092
2023-02-22,FIVE O'CLOCK VODKA,319
2023-10-22,FIVE O'CLOCK VODKA,507
2023-07-14,FIVE O'CLOCK VODKA,936
2023-10-25,FIVE O'CLOCK VODKA,624
2023-05-22,FIVE O'CLOCK VODKA,913
2023-03-27,FIVE O'CLOCK VODKA,1058
2024-02-18,FIVE O'CLOCK VODKA,195
2023-02-16,FIVE O'CLOCK VODKA,505
2023-05-04,FIVE O'CLOCK VODKA,593
2023-07-25,FIVE O'CLOCK VODKA,1126
2023-10-27,FIVE O'CLOCK VODKA,936
2024-03-11,FIVE O'CLOCK VODKA,597
2023-07-19,FIVE O'CLOCK VODKA,1093
2023-12-10,FIVE O'CLOCK VODKA,173
2023-07-24,FIVE O'CLOCK VODKA,1025
2024-02-22,FIVE O'CLOCK VODKA,757
2023-07-13,FIVE O'CLOCK VODKA,343
2024-02-27,FIVE O'CLOCK VODKA,1346
2023-03-16,FIVE O'CLOCK VODKA,393
2023-03-08,FIVE O'CLOCK VODKA,1004
2023-06-03,FIVE O'CLOCK VODKA,973
2023-09-21,FIVE O'CLOCK VODKA,365
2023-07-31,FIVE O'CLOCK VODKA,554
2023-12-06,FIVE O'CLOCK VODKA,1071
2023-12-08,FIVE O'CLOCK VODKA,172
2023-10-13,FIVE O'CLOCK VODKA,660
2023-02-02,FIVE O'CLOCK VODKA,602
2023-08-15,FIVE O'CLOCK VODKA,1357
2023-07-30,FIVE O'CLOCK VODKA,24
2023-03-01,FIVE O'CLOCK VODKA,1110
2024-02-14,FIVE O'CLOCK VODKA,1440
2023-05-23,FIVE O'CLOCK VODKA,1684
2023-06-01,FIVE O'CLOCK VODKA,1287
2023-08-30,FIVE O'CLOCK VODKA,689
2023-04-14,FIVE O'CLOCK VODKA,1263
2023-04-25,FIVE O'CLOCK VODKA,1088
2024-01-04,FIVE O'CLOCK VODKA,766
2024-02-28,FIVE O'CLOCK VODKA,945
2024-03-05,FIVE O'CLOCK VODKA,425
2023-02-23,FIVE O'CLOCK VODKA,1064
2023-09-29,FIVE O'CLOCK VODKA,782
2023-08-25,FIVE O'CLOCK VODKA,982
2024-02-25,FIVE O'CLOCK VODKA,555
2023-02-08,FIVE O'CLOCK VODKA,528
2023-01-31,FIVE O'CLOCK VODKA,1196
2024-01-08,FIVE O'CLOCK VODKA,655
2023-03-24,FIVE O'CLOCK VODKA,1083
2023-06-07,FIVE O'CLOCK VODKA,603
2023-04-12,FIVE O'CLOCK VODKA,817
2023-01-03,FIVE O'CLOCK VODKA,645
2023-07-26,FIVE O'CLOCK VODKA,1304
2023-09-27,FIVE O'CLOCK VODKA,654
2023-10-20,FIVE O'CLOCK VODKA,568
2023-01-30,FIVE O'CLOCK VODKA,852
2023-08-10,FIVE O'CLOCK VODKA,637
2023-11-29,FIVE O'CLOCK VODKA,873
2023-01-23,FIVE O'CLOCK VODKA,1050
2023-01-27,FIVE O'CLOCK VODKA,1219
2023-05-11,FIVE O'CLOCK VODKA,796
2024-02-04,FIVE O'CLOCK VODKA,258
2023-12-05,FIVE O'CLOCK VODKA,930
2023-08-31,FIVE O'CLOCK VODKA,1052
2023-06-22,FIVE O'CLOCK VODKA,489
2023-12-16,FIVE O'CLOCK VODKA,126
2023-06-27,FIVE O'CLOCK VODKA,1924
2023-07-12,FIVE O'CLOCK VODKA,1040
2023-01-20,FIVE O'CLOCK VODKA,985
2023-02-06,FIVE O'CLOCK VODKA,914
2023-07-21,FIVE O'CLOCK VODKA,1046
2023-01-11,FIVE O'CLOCK VODKA,1049
2023-03-22,FIVE O'CLOCK VODKA,873
2023-03-02,FIVE O'CLOCK VODKA,406
2023-09-19,FIVE O'CLOCK VODKA,1095
2024-03-10,FIVE O'CLOCK VODKA,513
2023-06-13,FIVE O'CLOCK VODKA,1374
2023-11-14,FIVE O'CLOCK VODKA,1871
2023-05-19,FIVE O'CLOCK VODKA,1249
2023-05-05,FIVE O'CLOCK VODKA,1521
2023-09-07,FIVE O'CLOCK VODKA,741
2023-07-11,FIVE O'CLOCK VODKA,1484
2023-11-27,FIVE O'CLOCK VODKA,828
2023-01-10,FIVE O'CLOCK VODKA,1112
2024-02-06,FIVE O'CLOCK VODKA,1207
2023-06-05,FIVE O'CLOCK VODKA,579
2023-08-08,FIVE O'CLOCK VODKA,1095
2023-09-20,FIVE O'CLOCK VODKA,933
2023-06-02,FIVE O'CLOCK VODKA,262
2023-02-01,FIVE O'CLOCK VODKA,857
2023-05-16,FIVE O'CLOCK VODKA,1378
2023-03-03,FIVE O'CLOCK VODKA,1086
2023-09-22,FIVE O'CLOCK VODKA,1430
2023-04-18,FIVE O'CLOCK VODKA,1634
2024-02-02,FIVE O'CLOCK VODKA,742
2023-11-21,FIVE O'CLOCK VODKA,1545
2024-02-07,FIVE O'CLOCK VODKA,769
2023-07-10,FIVE O'CLOCK VODKA,713
2023-10-30,FIVE O'CLOCK VODKA,650
2024-02-11,FIVE O'CLOCK VODKA,621
2024-03-27,FIVE O'CLOCK VODKA,924
2023-10-02,FIVE O'CLOCK VODKA,1011
2023-06-29,FIVE O'CLOCK VODKA,1174
2023-08-07,FIVE O'CLOCK VODKA,888
2023-01-08,FIVE O'CLOCK VODKA,1163
2023-07-18,FIVE O'CLOCK VODKA,1147
2023-07-05,FIVE O'CLOCK VODKA,1036
2023-12-22,FIVE O'CLOCK VODKA,1197
2023-08-28,FIVE O'CLOCK VODKA,195
2023-09-12,FIVE O'CLOCK VODKA,1094
2024-01-10,FIVE O'CLOCK VODKA,1380
2023-05-24,FIVE O'CLOCK VODKA,1118
2023-08-02,FIVE O'CLOCK VODKA,831
2023-01-19,FIVE O'CLOCK VODKA,584
2023-09-06,FIVE O'CLOCK VODKA,1308
2023-02-27,FIVE O'CLOCK VODKA,743
2023-11-13,FIVE O'CLOCK VODKA,215
2024-02-13,FIVE O'CLOCK VODKA,882
2023-11-16,FIVE O'CLOCK VODKA,949
2023-01-25,FIVE O'CLOCK VODKA,947
2024-02-20,FIVE O'CLOCK VODKA,946
2024-01-25,FIVE O'CLOCK VODKA,809
2023-08-16,FIVE O'CLOCK VODKA,820
2023-09-15,FIVE O'CLOCK VODKA,1355
2023-02-17,FIVE O'CLOCK VODKA,1071
2023-11-02,FIVE O'CLOCK VODKA,977
2023-08-17,FIVE O'CLOCK VODKA,493
2023-01-13,FIVE O'CLOCK VODKA,1066
2023-03-06,FIVE O'CLOCK VODKA,1082
2023-08-01,FIVE O'CLOCK VODKA,978
2023-01-18,FIVE O'CLOCK VODKA,934
2023-10-12,FIVE O'CLOCK VODKA,650
2023-12-01,FIVE O'CLOCK VODKA,732
2023-03-09,FIVE O'CLOCK VODKA,584
2024-01-09,FIVE O'CLOCK VODKA,639
2023-06-09,FIVE O'CLOCK VODKA,1477
2023-05-15,FIVE O'CLOCK VODKA,732
2023-02-13,FIVE O'CLOCK VODKA,1169
2023-05-03,FIVE O'CLOCK VODKA,1401
2023-05-09,FIVE O'CLOCK VODKA,1789
2024-01-02,FIVE O'CLOCK VODKA,723
2023-03-13,FIVE O'CLOCK VODKA,1033
2024-03-03,FIVE O'CLOCK VODKA,162
2023-04-28,FIVE O'CLOCK VODKA,1035
2023-01-24,FIVE O'CLOCK VODKA,1263
2023-10-09,FIVE O'CLOCK VODKA,926
2023-04-27,FIVE O'CLOCK VODKA,540
2023-11-23,FIVE O'CLOCK VODKA,146
2023-03-10,FIVE O'CLOCK VODKA,1223
2023-04-26,FIVE O'CLOCK VODKA,854
2023-04-06,FIVE O'CLOCK VODKA,612
2023-11-11,FIVE O'CLOCK VODKA,576
2024-02-23,FIVE O'CLOCK VODKA,111
2024-03-28,FIVE O'CLOCK VODKA,325
2023-10-18,FIVE O'CLOCK VODKA,600
2024-01-12,FIVE O'CLOCK VODKA,138
2023-10-17,FIVE O'CLOCK VODKA,1438
2023-06-19,FIVE O'CLOCK VODKA,792
2023-04-17,FIVE O'CLOCK VODKA,710
2023-07-17,FIVE O'CLOCK VODKA,828
2024-02-05,FIVE O'CLOCK VODKA,406
2023-12-11,FIVE O'CLOCK VODKA,924
2023-04-13,FIVE O'CLOCK VODKA,701
2024-03-06,FIVE O'CLOCK VODKA,1150
2024-03-19,FIVE O'CLOCK VODKA,1057
2023-01-12,FIVE O'CLOCK VODKA,505
2023-02-28,FIVE O'CLOCK VODKA,1096
2024-02-19,FIVE O'CLOCK VODKA,916
2023-06-20,FIVE O'CLOCK VODKA,1064
2024-03-01,FIVE O'CLOCK VODKA,746
2024-01-31,FIVE O'CLOCK VODKA,684
2023-07-06,FIVE O'CLOCK VODKA,918
2023-11-15,FIVE O'CLOCK VODKA,584
2023-12-07,FIVE O'CLOCK VODKA,1012
2024-03-14,FIVE O'CLOCK VODKA,702
2023-12-20,FIVE O'CLOCK VODKA,985
2023-04-05,FIVE O'CLOCK VODKA,1056
2023-10-16,FIVE O'CLOCK VODKA,393
2023-05-25,FIVE O'CLOCK VODKA,655
2023-11-28,FIVE O'CLOCK VODKA,849
2023-11-20,FIVE O'CLOCK VODKA,235
2023-06-21,FIVE O'CLOCK VODKA,1195
2023-03-28,FIVE O'CLOCK VODKA,1461
2023-11-06,FIVE O'CLOCK VODKA,367
2023-12-09,FIVE O'CLOCK VODKA,814
2023-03-20,FIVE O'CLOCK VODKA,1167
2023-04-07,FIVE O'CLOCK VODKA,1277
2023-04-03,FIVE O'CLOCK VODKA,1114
2023-05-10,FIVE O'CLOCK VODKA,529
2023-01-17,FIVE O'CLOCK VODKA,1242
2024-01-07,FIVE O'CLOCK VODKA,53
2023-10-23,FIVE O'CLOCK VODKA,886
2023-02-21,FIVE O'CLOCK VODKA,1302
2023-01-06,FIVE O'CLOCK VODKA,424
2023-12-12,FIVE O'CLOCK VODKA,1605
2024-03-29,FIVE O'CLOCK VODKA,1003
2023-02-10,FIVE O'CLOCK VODKA,1124
2023-08-09,FIVE O'CLOCK VODKA,1306
2023-12-30,FIVE O'CLOCK VODKA,860
2024-02-26,FIVE O'CLOCK VODKA,795
2024-03-15,FIVE O'CLOCK VODKA,412
2024-03-21,FIVE O'CLOCK VODKA,590
2023-02-24,FIVE O'CLOCK VODKA,1365
2023-10-11,FIVE O'CLOCK VODKA,780
2023-01-02,FIVE O'CLOCK VODKA,12
2024-01-28,FIVE O'CLOCK VODKA,84
2023-01-09,FIVE O'CLOCK VODKA,987
2023-10-19,FIVE O'CLOCK VODKA,1009
2023-01-05,FIVE O'CLOCK VODKA,1025
2024-02-08,FIVE O'CLOCK VODKA,830
2024-01-22,FIVE O'CLOCK VODKA,1046
2023-11-10,FIVE O'CLOCK VODKA,691
2023-06-23,FIVE O'CLOCK VODKA,1362
2023-02-03,FIVE O'CLOCK VODKA,1308
2024-03-20,FIVE O'CLOCK VODKA,824
2024-03-25,FIVE O'CLOCK VODKA,613
2023-05-18,FIVE O'CLOCK VODKA,631
2023-05-17,FIVE O'CLOCK VODKA,997
2023-04-10,FIVE O'CLOCK VODKA,933
2024-01-17,FIVE O'CLOCK VODKA,683
2023-01-26,FIVE O'CLOCK VODKA,598
2023-08-21,FIVE O'CLOCK VODKA,794
2024-02-16,FIVE O'CLOCK VODKA,708
2024-02-29,FIVE O'CLOCK VODKA,321
2024-01-26,FIVE O'CLOCK VODKA,717
2024-02-09,FIVE O'CLOCK VODKA,489
2023-08-03,FIVE O'CLOCK VODKA,390
2023-12-14,FIVE O'CLOCK VODKA,541
2023-01-04,FIVE O'CLOCK VODKA,1008
2024-03-04,FIVE O'CLOCK VODKA,414
2024-01-21,FIVE O'CLOCK VODKA,291
2023-05-12,FIVE O'CLOCK VODKA,1093
2024-01-05,FIVE O'CLOCK VODKA,1057
2023-11-18,FIVE O'CLOCK VODKA,150
2023-12-15,FIVE O'CLOCK VODKA,1202
2023-07-03,FIVE O'CLOCK VODKA,766
2023-07-20,FIVE O'CLOCK VODKA,647
2024-01-03,FIVE O'CLOCK VODKA,1016
2023-04-20,FIVE O'CLOCK VODKA,577
2023-03-17,FIVE O'CLOCK VODKA,1379
2023-09-25,FIVE O'CLOCK VODKA,241
2023-09-26,FIVE O'CLOCK VODKA,1728
2023-10-04,FIVE O'CLOCK VODKA,1306
2023-10-24,FIVE O'CLOCK VODKA,1159
2023-07-08,FIVE O'CLOCK VODKA,788
2023-12-18,FIVE O'CLOCK VODKA,626
2023-11-03,FIVE O'CLOCK VODKA,680
2023-05-30,FIVE O'CLOCK VODKA,982
2023-10-05,FIVE O'CLOCK VODKA,693
2023-09-09,FIVE O'CLOCK VODKA,1117
2023-04-11,FIVE O'CLOCK VODKA,1160
2023-06-16,FIVE O'CLOCK VODKA,971
2024-03-18,FIVE O'CLOCK VODKA,507
2024-03-26,FIVE O'CLOCK VODKA,1460
2023-11-25,FIVE O'CLOCK VODKA,195
2024-01-11,FIVE O'CLOCK VODKA,479
2023-12-27,FIVE O'CLOCK VODKA,1549
2023-10-31,FIVE O'CLOCK VODKA,1271
2023-08-14,FIVE O'CLOCK VODKA,977
2024-03-13,FIVE O'CLOCK VODKA,678
2023-06-26,FIVE O'CLOCK VODKA,304
2023-11-26,FIVE O'CLOCK VODKA,331
2023-02-20,FIVE O'CLOCK VODKA,974
2023-08-23,FIVE O'CLOCK VODKA,1019
2024-03-07,FIVE O'CLOCK VODKA,1018
2023-09-28,FIVE O'CLOCK VODKA,694
2024-02-12,FIVE O'CLOCK VODKA,758
2023-12-28,FIVE O'CLOCK VODKA,864
2023-11-05,FIVE O'CLOCK VODKA,559
2024-01-19,FIVE O'CLOCK VODKA,463
2024-03-22,FIVE O'CLOCK VODKA,1114
2024-01-30,FIVE O'CLOCK VODKA,1144
2023-08-29,FIVE O'CLOCK VODKA,1600
2023-06-28,FIVE O'CLOCK VODKA,705
2024-03-24,FIVE O'CLOCK VODKA,132
2024-01-01,FIVE O'CLOCK VODKA,36
2023-05-02,FIVE O'CLOCK VODKA,980
2023-11-22,FIVE O'CLOCK VODKA,1341
2023-11-12,FIVE O'CLOCK VODKA,300
2023-06-06,FIVE O'CLOCK VODKA,1974
2023-09-11,FIVE O'CLOCK VODKA,546
2024-03-12,FIVE O'CLOCK VODKA,1212
2023-03-30,FIVE O'CLOCK VODKA,498
2024-01-14,FIVE O'CLOCK VODKA,660
2023-02-14,FIVE O'CLOCK VODKA,983
2023-12-26,FIVE O'CLOCK VODKA,601
2023-02-07,FIVE O'CLOCK VODKA,1251
2023-05-31,FIVE O'CLOCK VODKA,988
2023-12-19,FIVE O'CLOCK VODKA,1501
2024-02-01,FIVE O'CLOCK VODKA,555
2023-01-16,FIVE O'CLOCK VODKA,822
2023-09-14,FIVE O'CLOCK VODKA,624
2023-02-15,FIVE O'CLOCK VODKA,892
2023-02-09,FIVE O'CLOCK VODKA,931
2023-07-28,FIVE O'CLOCK VODKA,1036
2023-12-29,FIVE O'CLOCK VODKA,854
2023-03-29,FIVE O'CLOCK VODKA,929
2023-05-01,FIVE O'CLOCK VODKA,886
2023-03-07,FIVE O'CLOCK VODKA,1239
2023-05-26,FIVE O'CLOCK VODKA,1324
2024-03-08,FIVE O'CLOCK VODKA,498
2024-01-24,FIVE O'CLOCK VODKA,894
2023-06-14,FIVE O'CLOCK VODKA,938
2024-01-15,FIVE O'CLOCK VODKA,509
2023-09-18,FIVE O'CLOCK VODKA,998
2023-03-23,FIVE O'CLOCK VODKA,610
2023-08-04,FIVE O'CLOCK VODKA,1253
2023-04-21,FIVE O'CLOCK VODKA,1590
2023-09-05,FIVE O'CLOCK VODKA,948
2023-06-08,FIVE O'CLOCK VODKA,752
2023-06-30,FIVE O'CLOCK VODKA,1167
2024-01-16,FIVE O'CLOCK VODKA,925
2023-03-15,FIVE O'CLOCK VODKA,821
2023-05-21,FIVE O'CLOCK VODKA,12
2023-04-19,FIVE O'CLOCK VODKA,774
2023-08-24,FIVE O'CLOCK VODKA,493
2023-05-08,FIVE O'CLOCK VODKA,1007
2023-11-01,FIVE O'CLOCK VODKA,479
2023-08-11,FIVE O'CLOCK VODKA,810
2023-11-24,FIVE O'CLOCK VODKA,951
2023-11-08,FIVE O'CLOCK VODKA,1248
2023-10-15,FIVE O'CLOCK VODKA,507
2024-03-17,FIVE O'CLOCK VODKA,494
2023-03-14,FIVE O'CLOCK VODKA,1250
2023-03-21,FIVE O'CLOCK VODKA,1015
2023-11-19,FIVE O'CLOCK VODKA,540
2023-10-30,TITOS HANDMADE VODKA,18351
2023-11-17,TITOS HANDMADE VODKA,8609
2023-09-18,TITOS HANDMADE VODKA,6113
2023-12-27,TITOS HANDMADE VODKA,7144
2024-02-21,TITOS HANDMADE VODKA,5558
2023-12-10,TITOS HANDMADE VODKA,1239
2023-12-16,TITOS HANDMADE VODKA,868
2023-10-22,TITOS HANDMADE VODKA,1995
2023-12-20,TITOS HANDMADE VODKA,6786
2023-12-13,TITOS HANDMADE VODKA,6163
2023-02-28,TITOS HANDMADE VODKA,4763
2023-08-25,TITOS HANDMADE VODKA,8499
2024-03-06,TITOS HANDMADE VODKA,7490
2024-03-08,TITOS HANDMADE VODKA,4316
2023-08-30,TITOS HANDMADE VODKA,7427
2023-08-03,TITOS HANDMADE VODKA,9817
2023-01-11,TITOS HANDMADE VODKA,4995
2023-12-11,TITOS HANDMADE VODKA,6187
2023-04-12,TITOS HANDMADE VODKA,4880
2023-07-23,TITOS HANDMADE VODKA,18
2023-04-19,TITOS HANDMADE VODKA,4193
2023-12-03,TITOS HANDMADE VODKA,1668
2023-12-22,TITOS HANDMADE VODKA,5809
2023-03-06,TITOS HANDMADE VODKA,6628
2024-02-18,TITOS HANDMADE VODKA,555
2023-03-07,TITOS HANDMADE VODKA,4539
2023-06-19,TITOS HANDMADE VODKA,6067
2024-01-05,TITOS HANDMADE VODKA,8037
2023-05-17,TITOS HANDMADE VODKA,5995
2023-06-01,TITOS HANDMADE VODKA,8599
2024-01-12,TITOS HANDMADE VODKA,1632
2023-03-22,TITOS HANDMADE VODKA,4210
2023-10-27,TITOS HANDMADE VODKA,4992
2023-10-26,TITOS HANDMADE VODKA,3629
2023-10-17,TITOS HANDMADE VODKA,4402
2023-09-20,TITOS HANDMADE VODKA,4577
2024-02-29,TITOS HANDMADE VODKA,4483
2024-03-04,TITOS HANDMADE VODKA,5598
2023-02-24,TITOS HANDMADE VODKA,5274
2023-09-02,TITOS HANDMADE VODKA,8
2024-01-10,TITOS HANDMADE VODKA,5400
2023-11-28,TITOS HANDMADE VODKA,3199
2024-02-28,TITOS HANDMADE VODKA,8093
2023-11-13,TITOS HANDMADE VODKA,5433
2023-06-27,TITOS HANDMADE VODKA,8771
2023-06-07,TITOS HANDMADE VODKA,11206
2024-01-26,TITOS HANDMADE VODKA,4239
2023-07-13,TITOS HANDMADE VODKA,5175
2023-09-08,TITOS HANDMADE VODKA,7416
2023-06-13,TITOS HANDMADE VODKA,4979
2023-12-06,TITOS HANDMADE VODKA,6884
2023-07-20,TITOS HANDMADE VODKA,5933
2023-12-19,TITOS HANDMADE VODKA,6521
2023-10-04,TITOS HANDMADE VODKA,7400
2023-11-08,TITOS HANDMADE VODKA,5239
2023-11-01,TITOS HANDMADE VODKA,4213
2023-02-20,TITOS HANDMADE VODKA,5233
2023-04-09,TITOS HANDMADE VODKA,24
2023-03-10,TITOS HANDMADE VODKA,4595
2023-10-11,TITOS HANDMADE VODKA,10929
2023-02-09,TITOS HANDMADE VODKA,8184
2023-11-11,TITOS HANDMADE VODKA,3612
2023-01-17,TITOS HANDMADE VODKA,3886
2024-03-28,TITOS HANDMADE VODKA,3345
2023-08-01,TITOS HANDMADE VODKA,9856
2024-02-02,TITOS HANDMADE VODKA,5319
2023-09-13,TITOS HANDMADE VODKA,6657
2023-02-27,TITOS HANDMADE VODKA,6280
2023-08-16,TITOS HANDMADE VODKA,6806
2024-03-20,TITOS HANDMADE VODKA,4748
2024-03-24,TITOS HANDMADE VODKA,1232
2023-05-15,TITOS HANDMADE VODKA,5227
2023-03-24,TITOS HANDMADE VODKA,4254
2023-09-01,TITOS HANDMADE VODKA,6973
2024-01-08,TITOS HANDMADE VODKA,5583
2023-04-25,TITOS HANDMADE VODKA,3693
2023-09-14,TITOS HANDMADE VODKA,5767
2023-01-13,TITOS HANDMADE VODKA,4860
2023-03-30,TITOS HANDMADE VODKA,2892
2023-09-07,TITOS HANDMADE VODKA,10365
2023-04-18,TITOS HANDMADE VODKA,5090
2023-08-31,TITOS HANDMADE VODKA,7902
2023-07-12,TITOS HANDMADE VODKA,6381
2024-02-11,TITOS HANDMADE VODKA,2774
2024-02-20,TITOS HANDMADE VODKA,4663
2023-04-24,TITOS HANDMADE VODKA,16941
2024-01-14,TITOS HANDMADE VODKA,2170
2023-11-02,TITOS HANDMADE VODKA,4829
2023-10-03,TITOS HANDMADE VODKA,5511
2023-08-08,TITOS HANDMADE VODKA,5457
2023-03-15,TITOS HANDMADE VODKA,5276
2023-06-16,TITOS HANDMADE VODKA,6081
2023-01-16,TITOS HANDMADE VODKA,5211
2024-03-13,TITOS HANDMADE VODKA,4739
2023-12-21,TITOS HANDMADE VODKA,4495
2023-03-09,TITOS HANDMADE VODKA,5044
2024-02-09,TITOS HANDMADE VODKA,4029
2023-03-23,TITOS HANDMADE VODKA,4035
2024-03-18,TITOS HANDMADE VODKA,5724
2023-11-23,TITOS HANDMADE VODKA,336
2023-11-18,TITOS HANDMADE VODKA,1444
2023-03-27,TITOS HANDMADE VODKA,5063
2024-02-15,TITOS HANDMADE VODKA,3655
2023-10-10,TITOS HANDMADE VODKA,6091
2023-05-31,TITOS HANDMADE VODKA,9487
2023-01-10,TITOS HANDMADE VODKA,3121
2023-05-04,TITOS HANDMADE VODKA,9989
2023-02-01,TITOS HANDMADE VODKA,6669
2023-03-13,TITOS HANDMADE VODKA,5688
2023-10-12,TITOS HANDMADE VODKA,11941
2023-12-04,TITOS HANDMADE VODKA,4114
2023-07-28,TITOS HANDMADE VODKA,6366
2024-03-29,TITOS HANDMADE VODKA,5749
2023-01-09,TITOS HANDMADE VODKA,6895
2023-11-12,TITOS HANDMADE VODKA,975
2023-10-15,TITOS HANDMADE VODKA,2560
2023-08-15,TITOS HANDMADE VODKA,6108
2023-08-17,TITOS HANDMADE VODKA,5155
2024-01-09,TITOS HANDMADE VODKA,5509
2023-02-13,TITOS HANDMADE VODKA,6661
2023-10-23,TITOS HANDMADE VODKA,5377
2024-01-18,TITOS HANDMADE VODKA,3377
2023-11-20,TITOS HANDMADE VODKA,4769
2024-01-04,TITOS HANDMADE VODKA,10575
2023-11-29,TITOS HANDMADE VODKA,4335
2023-03-28,TITOS HANDMADE VODKA,4596
2023-01-31,TITOS HANDMADE VODKA,3585
2023-09-19,TITOS HANDMADE VODKA,3588
2023-03-29,TITOS HANDMADE VODKA,6216
2023-11-06,TITOS HANDMADE VODKA,3679
2023-07-19,TITOS HANDMADE VODKA,6119
2024-03-11,TITOS HANDMADE VODKA,3929
2023-11-07,TITOS HANDMADE VODKA,5406
2023-06-14,TITOS HANDMADE VODKA,5990
2023-04-04,TITOS HANDMADE VODKA,5627
2023-07-06,TITOS HANDMADE VODKA,7167
2023-05-30,TITOS HANDMADE VODKA,8803
2023-06-02,TITOS HANDMADE VODKA,4117
2023-02-16,TITOS HANDMADE VODKA,4077
2023-05-23,TITOS HANDMADE VODKA,6836
2023-05-25,TITOS HANDMADE VODKA,7197
2023-02-22,TITOS HANDMADE VODKA,5271
2024-02-05,TITOS HANDMADE VODKA,4814
2023-11-16,TITOS HANDMADE VODKA,10102
2024-02-04,TITOS HANDMADE VODKA,2773
2023-04-14,TITOS HANDMADE VODKA,5465
2023-11-03,TITOS HANDMADE VODKA,3547
2023-05-10,TITOS HANDMADE VODKA,5291
2023-06-30,TITOS HANDMADE VODKA,7818
2023-07-18,TITOS HANDMADE VODKA,5665
2023-05-11,TITOS HANDMADE VODKA,6125
2024-03-15,TITOS HANDMADE VODKA,3170
2023-12-12,TITOS HANDMADE VODKA,4751
2023-11-27,TITOS HANDMADE VODKA,5027
2023-02-14,TITOS HANDMADE VODKA,3669
2023-09-05,TITOS HANDMADE VODKA,6944
2024-01-07,TITOS HANDMADE VODKA,338
2023-06-05,TITOS HANDMADE VODKA,6287
2023-10-09,TITOS HANDMADE VODKA,9363
2023-05-03,TITOS HANDMADE VODKA,12047
2023-11-26,TITOS HANDMADE VODKA,1509
2023-04-07,TITOS HANDMADE VODKA,6546
2023-07-25,TITOS HANDMADE VODKA,4959
2023-01-06,TITOS HANDMADE VODKA,4167
2023-12-08,TITOS HANDMADE VODKA,1782
2023-05-16,TITOS HANDMADE VODKA,4808
2024-03-22,TITOS HANDMADE VODKA,3614
2023-02-12,TITOS HANDMADE VODKA,24
2023-10-24,TITOS HANDMADE VODKA,3796
2023-01-29,TITOS HANDMADE VODKA,41
2024-01-28,TITOS HANDMADE VODKA,1271
2024-01-22,TITOS HANDMADE VODKA,4771
2023-01-25,TITOS HANDMADE VODKA,5651
2024-01-29,TITOS HANDMADE VODKA,5012
2023-12-05,TITOS HANDMADE VODKA,5807
2023-08-04,TITOS HANDMADE VODKA,10986
2024-02-19,TITOS HANDMADE VODKA,6097
2023-03-03,TITOS HANDMADE VODKA,7121
2023-08-22,TITOS HANDMADE VODKA,5476
2024-01-23,TITOS HANDMADE VODKA,3578
2023-12-30,TITOS HANDMADE VODKA,4168
2023-07-08,TITOS HANDMADE VODKA,4704
2023-02-17,TITOS HANDMADE VODKA,6659
2024-01-25,TITOS HANDMADE VODKA,5056
2024-01-02,TITOS HANDMADE VODKA,5910
2023-08-09,TITOS HANDMADE VODKA,7775
2023-09-29,TITOS HANDMADE VODKA,5251
2023-01-12,TITOS HANDMADE VODKA,4876
2023-05-26,TITOS HANDMADE VODKA,6752
2023-07-05,TITOS HANDMADE VODKA,4850
2023-09-09,TITOS HANDMADE VODKA,5816
2023-09-04,TITOS HANDMADE VODKA,61
2023-08-02,TITOS HANDMADE VODKA,13169
2023-07-26,TITOS HANDMADE VODKA,8193
2023-01-27,TITOS HANDMADE VODKA,4808
2023-06-29,TITOS HANDMADE VODKA,12772
2023-10-16,TITOS HANDMADE VODKA,4453
2024-03-10,TITOS HANDMADE VODKA,1613
2024-03-07,TITOS HANDMADE VODKA,7220
2023-06-28,TITOS HANDMADE VODKA,12519
2023-03-17,TITOS HANDMADE VODKA,4849
2023-07-27,TITOS HANDMADE VODKA,4458
2023-03-08,TITOS HANDMADE VODKA,8023
2023-08-23,TITOS HANDMADE VODKA,8215
2023-04-27,TITOS HANDMADE VODKA,3809
2023-03-21,TITOS HANDMADE VODKA,3452
2023-05-22,TITOS HANDMADE VODKA,8612
2023-02-03,TITOS HANDMADE VODKA,5939
2023-04-06,TITOS HANDMADE VODKA,6176
2023-11-22,TITOS HANDMADE VODKA,7338
2023-06-08,TITOS HANDMADE VODKA,9280
2023-04-03,TITOS HANDMADE VODKA,11017
2023-01-23,TITOS HANDMADE VODKA,4900
2023-08-11,TITOS HANDMADE VODKA,5831
2024-01-24,TITOS HANDMADE VODKA,3657
2023-08-28,TITOS HANDMADE VODKA,4779
2023-06-23,TITOS HANDMADE VODKA,7234
2023-05-08,TITOS HANDMADE VODKA,6965
2023-10-20,TITOS HANDMADE VODKA,2542
2023-12-15,TITOS HANDMADE VODKA,5426
2024-02-16,TITOS HANDMADE VODKA,3874
2023-06-26,TITOS HANDMADE VODKA,8883
2023-02-06,TITOS HANDMADE VODKA,7404
2024-01-01,TITOS HANDMADE VODKA,30
2023-04-13,TITOS HANDMADE VODKA,5241
2023-09-12,TITOS HANDMADE VODKA,4365
2024-02-25,TITOS HANDMADE VODKA,1776
2023-03-02,TITOS HANDMADE VODKA,5355
2023-09-28,TITOS HANDMADE VODKA,5412
2023-09-27,TITOS HANDMADE VODKA,4397
2023-11-21,TITOS HANDMADE VODKA,6335
2023-08-07,TITOS HANDMADE VODKA,7495
2023-10-19,TITOS HANDMADE VODKA,5071
2023-09-15,TITOS HANDMADE VODKA,5321
2023-03-31,TITOS HANDMADE VODKA,5817
2023-07-17,TITOS HANDMADE VODKA,6856
2024-03-05,TITOS HANDMADE VODKA,5192
2023-06-21,TITOS HANDMADE VODKA,7742
2023-12-01,TITOS HANDMADE VODKA,4391
2024-01-11,TITOS HANDMADE VODKA,4052
2023-04-28,TITOS HANDMADE VODKA,4724
2023-11-19,TITOS HANDMADE VODKA,3252
2023-04-05,TITOS HANDMADE VODKA,5498
2023-04-10,TITOS HANDMADE VODKA,6019
2023-01-05,TITOS HANDMADE VODKA,4501
2023-05-24,TITOS HANDMADE VODKA,9053
2023-07-11,TITOS HANDMADE VODKA,4678
2023-05-01,TITOS HANDMADE VODKA,7093
2023-04-17,TITOS HANDMADE VODKA,6633
2023-08-21,TITOS HANDMADE VODKA,8068
2024-01-19,TITOS HANDMADE VODKA,2276
2023-12-14,TITOS HANDMADE VODKA,4343
2023-09-11,TITOS HANDMADE VODKA,4438
2023-07-24,TITOS HANDMADE VODKA,14954
2023-05-18,TITOS HANDMADE VODKA,6255
2023-02-08,TITOS HANDMADE VODKA,4148
2024-03-26,TITOS HANDMADE VODKA,5159
2023-06-20,TITOS HANDMADE VODKA,6344
2023-04-11,TITOS HANDMADE VODKA,3539
2024-02-26,TITOS HANDMADE VODKA,7020
2023-08-24,TITOS HANDMADE VODKA,6372
2023-12-28,TITOS HANDMADE VODKA,5009
2023-03-16,TITOS HANDMADE VODKA,3916
2024-01-03,TITOS HANDMADE VODKA,11860
2023-05-21,TITOS HANDMADE VODKA,12
2023-06-22,TITOS HANDMADE VODKA,5988
2024-01-31,TITOS HANDMADE VODKA,5238
2023-11-30,TITOS HANDMADE VODKA,4013
2023-10-13,TITOS HANDMADE VODKA,6827
2024-02-23,TITOS HANDMADE VODKA,2921
2023-02-21,TITOS HANDMADE VODKA,3636
2023-07-21,TITOS HANDMADE VODKA,6206
2024-02-01,TITOS HANDMADE VODKA,5476
2024-03-21,TITOS HANDMADE VODKA,4832
2023-06-03,TITOS HANDMADE VODKA,6902
2023-10-06,TITOS HANDMADE VODKA,5389
2023-11-09,TITOS HANDMADE VODKA,4858
2024-03-14,TITOS HANDMADE VODKA,5373
2023-01-03,TITOS HANDMADE VODKA,5022
2023-11-14,TITOS HANDMADE VODKA,9376
2024-02-22,TITOS HANDMADE VODKA,6551
2024-03-03,TITOS HANDMADE VODKA,646
2023-10-02,TITOS HANDMADE VODKA,9113
2023-12-29,TITOS HANDMADE VODKA,4846
2023-03-20,TITOS HANDMADE VODKA,5940
2024-03-25,TITOS HANDMADE VODKA,3896
2023-10-18,TITOS HANDMADE VODKA,5576
2023-05-09,TITOS HANDMADE VODKA,6242
2023-10-05,TITOS HANDMADE VODKA,6336
2023-11-25,TITOS HANDMADE VODKA,175
2023-08-29,TITOS HANDMADE VODKA,12140
2023-01-02,TITOS HANDMADE VODKA,168
2023-05-02,TITOS HANDMADE VODKA,6636
2023-09-25,TITOS HANDMADE VODKA,3450
2023-07-03,TITOS HANDMADE VODKA,9676
2023-05-19,TITOS HANDMADE VODKA,7560
2024-02-12,TITOS HANDMADE VODKA,4568
2024-01-30,TITOS HANDMADE VODKA,3847
2023-02-07,TITOS HANDMADE VODKA,6698
2023-09-06,TITOS HANDMADE VODKA,7264
2023-03-14,TITOS HANDMADE VODKA,3603
2023-03-01,TITOS HANDMADE VODKA,4579
2024-03-19,TITOS HANDMADE VODKA,4447
2023-07-14,TITOS HANDMADE VODKA,6467
2024-02-08,TITOS HANDMADE VODKA,9841
2023-02-02,TITOS HANDMADE VODKA,5235
2023-01-08,TITOS HANDMADE VODKA,2426
2024-01-15,TITOS HANDMADE VODKA,16993
2023-02-15,TITOS HANDMADE VODKA,5093
2023-11-15,TITOS HANDMADE VODKA,9450
2023-10-31,TITOS HANDMADE VODKA,4536
2023-04-20,TITOS HANDMADE VODKA,5611
2023-09-22,TITOS HANDMADE VODKA,5125
2023-07-07,TITOS HANDMADE VODKA,7428
2023-09-21,TITOS HANDMADE VODKA,4674
2023-02-10,TITOS HANDMADE VODKA,4325
2024-02-13,TITOS HANDMADE VODKA,3840
2024-01-21,TITOS HANDMADE VODKA,782
2023-12-18,TITOS HANDMADE VODKA,5073
2023-11-24,TITOS HANDMADE VODKA,5139
2023-01-04,TITOS HANDMADE VODKA,4872
2023-01-20,TITOS HANDMADE VODKA,4679
2023-01-26,TITOS HANDMADE VODKA,4475
2023-07-10,TITOS HANDMADE VODKA,6243
2023-12-09,TITOS HANDMADE VODKA,3111
2024-02-14,TITOS HANDMADE VODKA,6228
2023-06-09,TITOS HANDMADE VODKA,6306
2023-11-05,TITOS HANDMADE VODKA,2153
2024-02-27,TITOS HANDMADE VODKA,6023
2024-03-17,TITOS HANDMADE VODKA,1585
2023-01-19,TITOS HANDMADE VODKA,3724
2023-04-26,TITOS HANDMADE VODKA,5760
2023-11-10,TITOS HANDMADE VODKA,1821
2023-09-26,TITOS HANDMADE VODKA,4862
2023-08-14,TITOS HANDMADE VODKA,8123
2024-02-07,TITOS HANDMADE VODKA,9707
2023-06-12,TITOS HANDMADE VODKA,5983
2023-01-30,TITOS HANDMADE VODKA,13859
2023-10-25,TITOS HANDMADE VODKA,4848
2023-05-12,TITOS HANDMADE VODKA,7550
2024-01-17,TITOS HANDMADE VODKA,6342
2023-01-24,TITOS HANDMADE VODKA,3809
2023-01-18,TITOS HANDMADE VODKA,4887
2023-07-31,TITOS HANDMADE VODKA,3935
2023-05-05,TITOS HANDMADE VODKA,9445
2023-06-06,TITOS HANDMADE VODKA,7591
2024-03-27,TITOS HANDMADE VODKA,4779
2023-08-10,TITOS HANDMADE VODKA,5116
2024-03-01,TITOS HANDMADE VODKA,7397
2023-12-07,TITOS HANDMADE VODKA,6941
2024-03-12,TITOS HANDMADE VODKA,4947
2023-12-26,TITOS HANDMADE VODKA,5413
2024-02-06,TITOS HANDMADE VODKA,10808
2023-06-15,TITOS HANDMADE VODKA,5410
2023-08-18,TITOS HANDMADE VODKA,5987
2023-02-23,TITOS HANDMADE VODKA,8973
2024-01-16,TITOS HANDMADE VODKA,4758
2023-04-21,TITOS HANDMADE VODKA,4441
2023-08-11,FIREBALL CINNAMON WHISKEY,14978
2023-06-09,FIREBALL CINNAMON WHISKEY,13436
2023-07-14,FIREBALL CINNAMON WHISKEY,16936
2023-12-01,FIREBALL CINNAMON WHISKEY,11211
2024-02-02,FIREBALL CINNAMON WHISKEY,8998
2023-06-28,FIREBALL CINNAMON WHISKEY,12752
2024-01-16,FIREBALL CINNAMON WHISKEY,13192
2023-11-10,FIREBALL CINNAMON WHISKEY,6138
2023-05-25,FIREBALL CINNAMON WHISKEY,10335
2023-05-09,FIREBALL CINNAMON WHISKEY,11427
2023-09-09,FIREBALL CINNAMON WHISKEY,13096
2024-03-10,FIREBALL CINNAMON WHISKEY,4379
2023-01-11,FIREBALL CINNAMON WHISKEY,8733
2024-03-08,FIREBALL CINNAMON WHISKEY,11742
2023-10-06,FIREBALL CINNAMON WHISKEY,15156
2023-08-23,FIREBALL CINNAMON WHISKEY,10123
2024-01-30,FIREBALL CINNAMON WHISKEY,12376
2023-10-19,FIREBALL CINNAMON WHISKEY,14766
2023-02-09,FIREBALL CINNAMON WHISKEY,11205
2023-04-19,FIREBALL CINNAMON WHISKEY,9098
2024-03-28,FIREBALL CINNAMON WHISKEY,10780
2023-12-11,FIREBALL CINNAMON WHISKEY,15661
2023-03-13,FIREBALL CINNAMON WHISKEY,15200
2023-10-10,FIREBALL CINNAMON WHISKEY,8274
2023-12-06,FIREBALL CINNAMON WHISKEY,14433
2023-05-31,FIREBALL CINNAMON WHISKEY,7740
2023-12-27,FIREBALL CINNAMON WHISKEY,15281
2024-02-22,FIREBALL CINNAMON WHISKEY,12660
2023-10-26,FIREBALL CINNAMON WHISKEY,9344
2023-09-12,FIREBALL CINNAMON WHISKEY,10719
2023-12-21,FIREBALL CINNAMON WHISKEY,10024
2024-01-28,FIREBALL CINNAMON WHISKEY,2360
2023-05-08,FIREBALL CINNAMON WHISKEY,14740
2023-07-13,FIREBALL CINNAMON WHISKEY,7488
2023-06-07,FIREBALL CINNAMON WHISKEY,9338
2023-07-24,FIREBALL CINNAMON WHISKEY,14390
2024-03-01,FIREBALL CINNAMON WHISKEY,16232
2023-02-01,FIREBALL CINNAMON WHISKEY,7554
2024-03-15,FIREBALL CINNAMON WHISKEY,11030
2023-03-07,FIREBALL CINNAMON WHISKEY,11504
2023-11-05,FIREBALL CINNAMON WHISKEY,5962
2023-08-01,FIREBALL CINNAMON WHISKEY,13117
2023-07-26,FIREBALL CINNAMON WHISKEY,9763
2023-04-21,FIREBALL CINNAMON WHISKEY,13990
2023-06-30,FIREBALL CINNAMON WHISKEY,14734
2023-07-21,FIREBALL CINNAMON WHISKEY,14434
2023-02-21,FIREBALL CINNAMON WHISKEY,9171
2023-09-22,FIREBALL CINNAMON WHISKEY,15207
2024-01-22,FIREBALL CINNAMON WHISKEY,16058
2023-04-05,FIREBALL CINNAMON WHISKEY,10745
2023-11-17,FIREBALL CINNAMON WHISKEY,15824
2023-01-27,FIREBALL CINNAMON WHISKEY,14661
2023-12-29,FIREBALL CINNAMON WHISKEY,11778
2023-08-17,FIREBALL CINNAMON WHISKEY,8953
2023-02-08,FIREBALL CINNAMON WHISKEY,8213
2023-09-07,FIREBALL CINNAMON WHISKEY,10339
2023-02-20,FIREBALL CINNAMON WHISKEY,16496
2023-07-31,FIREBALL CINNAMON WHISKEY,7823
2023-11-29,FIREBALL CINNAMON WHISKEY,9315
2024-03-19,FIREBALL CINNAMON WHISKEY,13590
2023-08-24,FIREBALL CINNAMON WHISKEY,10719
2024-01-19,FIREBALL CINNAMON WHISKEY,7592
2023-11-27,FIREBALL CINNAMON WHISKEY,13005
2023-01-16,FIREBALL CINNAMON WHISKEY,12959
2023-07-19,FIREBALL CINNAMON WHISKEY,10659
2023-05-15,FIREBALL CINNAMON WHISKEY,11927
2023-02-07,FIREBALL CINNAMON WHISKEY,11740
2024-02-18,FIREBALL CINNAMON WHISKEY,1240
2023-08-03,FIREBALL CINNAMON WHISKEY,9416
2023-12-09,FIREBALL CINNAMON WHISKEY,10911
2023-05-16,FIREBALL CINNAMON WHISKEY,12476
2023-12-15,FIREBALL CINNAMON WHISKEY,14999
2023-12-08,FIREBALL CINNAMON WHISKEY,2317
2023-05-23,FIREBALL CINNAMON WHISKEY,11517
2023-01-20,FIREBALL CINNAMON WHISKEY,13347
2023-06-26,FIREBALL CINNAMON WHISKEY,8041
2024-03-13,FIREBALL CINNAMON WHISKEY,10679
2024-01-03,FIREBALL CINNAMON WHISKEY,13094
2023-10-17,FIREBALL CINNAMON WHISKEY,10442
2023-05-29,FIREBALL CINNAMON WHISKEY,264
2023-12-22,FIREBALL CINNAMON WHISKEY,17663
2023-12-16,FIREBALL CINNAMON WHISKEY,4130
2024-02-09,FIREBALL CINNAMON WHISKEY,8750
2023-09-26,FIREBALL CINNAMON WHISKEY,17109
2023-01-08,FIREBALL CINNAMON WHISKEY,6167
2024-01-17,FIREBALL CINNAMON WHISKEY,9271
2024-01-24,FIREBALL CINNAMON WHISKEY,5732
2023-12-26,FIREBALL CINNAMON WHISKEY,9254
2023-05-22,FIREBALL CINNAMON WHISKEY,15044
2023-05-19,FIREBALL CINNAMON WHISKEY,15996
2023-01-18,FIREBALL CINNAMON WHISKEY,9599
2024-03-21,FIREBALL CINNAMON WHISKEY,10955
2023-01-24,FIREBALL CINNAMON WHISKEY,13087
2023-09-18,FIREBALL CINNAMON WHISKEY,13133
2023-06-22,FIREBALL CINNAMON WHISKEY,10337
2023-04-27,FIREBALL CINNAMON WHISKEY,10601
2023-11-19,FIREBALL CINNAMON WHISKEY,8890
2023-02-17,FIREBALL CINNAMON WHISKEY,15140
2023-08-14,FIREBALL CINNAMON WHISKEY,13222
2023-12-03,FIREBALL CINNAMON WHISKEY,4964
2023-09-15,FIREBALL CINNAMON WHISKEY,13420
2024-01-11,FIREBALL CINNAMON WHISKEY,11081
2023-04-04,FIREBALL CINNAMON WHISKEY,9796
2023-08-07,FIREBALL CINNAMON WHISKEY,15819
2023-01-02,FIREBALL CINNAMON WHISKEY,181
2023-10-25,FIREBALL CINNAMON WHISKEY,8521
2023-01-13,FIREBALL CINNAMON WHISKEY,14139
2023-07-03,FIREBALL CINNAMON WHISKEY,13825
2023-10-24,FIREBALL CINNAMON WHISKEY,11730
2023-08-29,FIREBALL CINNAMON WHISKEY,16693
2024-01-12,FIREBALL CINNAMON WHISKEY,3241
2023-09-20,FIREBALL CINNAMON WHISKEY,8664
2023-10-22,FIREBALL CINNAMON WHISKEY,7222
2023-07-08,FIREBALL CINNAMON WHISKEY,9321
2023-05-11,FIREBALL CINNAMON WHISKEY,11209
2023-10-11,FIREBALL CINNAMON WHISKEY,11523
2023-06-08,FIREBALL CINNAMON WHISKEY,11445
2024-03-05,FIREBALL CINNAMON WHISKEY,7423
2023-06-23,FIREBALL CINNAMON WHISKEY,16638
2023-03-31,FIREBALL CINNAMON WHISKEY,16534
2023-03-27,FIREBALL CINNAMON WHISKEY,12139
2023-03-01,FIREBALL CINNAMON WHISKEY,8348
2024-01-05,FIREBALL CINNAMON WHISKEY,12681
2024-03-12,FIREBALL CINNAMON WHISKEY,12245
2024-01-26,FIREBALL CINNAMON WHISKEY,9390
2023-11-22,FIREBALL CINNAMON WHISKEY,13047
2023-06-19,FIREBALL CINNAMON WHISKEY,14253
2024-02-07,FIREBALL CINNAMON WHISKEY,11072
2024-03-29,FIREBALL CINNAMON WHISKEY,15250
2023-05-01,FIREBALL CINNAMON WHISKEY,9541
2023-11-24,FIREBALL CINNAMON WHISKEY,9377
2023-06-21,FIREBALL CINNAMON WHISKEY,9799
2023-04-06,FIREBALL CINNAMON WHISKEY,11566
2023-11-11,FIREBALL CINNAMON WHISKEY,12066
2024-02-20,FIREBALL CINNAMON WHISKEY,9880
2023-01-31,FIREBALL CINNAMON WHISKEY,10646
2023-11-18,FIREBALL CINNAMON WHISKEY,3473
2023-07-28,FIREBALL CINNAMON WHISKEY,13021
2023-05-26,FIREBALL CINNAMON WHISKEY,15573
2023-05-17,FIREBALL CINNAMON WHISKEY,7942
2023-01-09,FIREBALL CINNAMON WHISKEY,13920
2024-01-14,FIREBALL CINNAMON WHISKEY,8075
2024-03-17,FIREBALL CINNAMON WHISKEY,4251
2024-02-26,FIREBALL CINNAMON WHISKEY,15940
2023-08-21,FIREBALL CINNAMON WHISKEY,14729
2023-11-01,FIREBALL CINNAMON WHISKEY,8851
2023-11-26,FIREBALL CINNAMON WHISKEY,6708
2024-03-20,FIREBALL CINNAMON WHISKEY,8654
2023-04-17,FIREBALL CINNAMON WHISKEY,14122
2023-10-09,FIREBALL CINNAMON WHISKEY,14385
2023-12-05,FIREBALL CINNAMON WHISKEY,13271
2023-02-03,FIREBALL CINNAMON WHISKEY,15698
2023-12-04,FIREBALL CINNAMON WHISKEY,7582
2023-04-07,FIREBALL CINNAMON WHISKEY,15976
2023-07-06,FIREBALL CINNAMON WHISKEY,9685
2023-11-06,FIREBALL CINNAMON WHISKEY,8758
2023-02-06,FIREBALL CINNAMON WHISKEY,14028
2023-05-21,FIREBALL CINNAMON WHISKEY,96
2023-11-03,FIREBALL CINNAMON WHISKEY,9149
2023-09-06,FIREBALL CINNAMON WHISKEY,11555
2023-10-12,FIREBALL CINNAMON WHISKEY,9197
2024-02-25,FIREBALL CINNAMON WHISKEY,2827
2023-08-22,FIREBALL CINNAMON WHISKEY,9972
2023-07-23,FIREBALL CINNAMON WHISKEY,24
2023-05-05,FIREBALL CINNAMON WHISKEY,15480
2023-01-05,FIREBALL CINNAMON WHISKEY,8606
2024-01-02,FIREBALL CINNAMON WHISKEY,11884
2024-02-04,FIREBALL CINNAMON WHISKEY,6841
2023-09-04,FIREBALL CINNAMON WHISKEY,48
2024-01-09,FIREBALL CINNAMON WHISKEY,9551
2023-05-18,FIREBALL CINNAMON WHISKEY,11387
2023-12-20,FIREBALL CINNAMON WHISKEY,11656
2023-06-03,FIREBALL CINNAMON WHISKEY,9643
2024-01-25,FIREBALL CINNAMON WHISKEY,13098
2023-02-22,FIREBALL CINNAMON WHISKEY,5725
2023-03-10,FIREBALL CINNAMON WHISKEY,13318
2023-05-24,FIREBALL CINNAMON WHISKEY,12430
2023-05-03,FIREBALL CINNAMON WHISKEY,11568
2023-02-27,FIREBALL CINNAMON WHISKEY,12089
2023-07-27,FIREBALL CINNAMON WHISKEY,10944
2023-04-26,FIREBALL CINNAMON WHISKEY,9877
2023-11-20,FIREBALL CINNAMON WHISKEY,10540
2023-01-29,FIREBALL CINNAMON WHISKEY,144
2023-02-14,FIREBALL CINNAMON WHISKEY,9084
2024-02-16,FIREBALL CINNAMON WHISKEY,10092
2023-01-25,FIREBALL CINNAMON WHISKEY,12141
2023-09-01,FIREBALL CINNAMON WHISKEY,15607
2023-07-10,FIREBALL CINNAMON WHISKEY,12212
2023-06-02,FIREBALL CINNAMON WHISKEY,13116
2023-06-14,FIREBALL CINNAMON WHISKEY,10309
2023-05-30,FIREBALL CINNAMON WHISKEY,13766
2023-09-25,FIREBALL CINNAMON WHISKEY,8233
2023-01-19,FIREBALL CINNAMON WHISKEY,8815
2023-01-12,FIREBALL CINNAMON WHISKEY,10482
2023-11-28,FIREBALL CINNAMON WHISKEY,9630
2024-03-03,FIREBALL CINNAMON WHISKEY,628
2023-08-28,FIREBALL CINNAMON WHISKEY,6683
2023-11-23,FIREBALL CINNAMON WHISKEY,929
2023-06-05,FIREBALL CINNAMON WHISKEY,8436
2023-04-12,FIREBALL CINNAMON WHISKEY,8673
2023-02-24,FIREBALL CINNAMON WHISKEY,13337
2023-03-14,FIREBALL CINNAMON WHISKEY,9620
2023-06-06,FIREBALL CINNAMON WHISKEY,18987
2023-09-19,FIREBALL CINNAMON WHISKEY,10135
2023-03-02,FIREBALL CINNAMON WHISKEY,7893
2024-03-14,FIREBALL CINNAMON WHISKEY,9983
2023-08-10,FIREBALL CINNAMON WHISKEY,10459
2024-01-21,FIREBALL CINNAMON WHISKEY,1076
2023-12-07,FIREBALL CINNAMON WHISKEY,15056
2023-12-10,FIREBALL CINNAMON WHISKEY,3307
2023-12-12,FIREBALL CINNAMON WHISKEY,11532
2024-02-05,FIREBALL CINNAMON WHISKEY,6256
2023-05-02,FIREBALL CINNAMON WHISKEY,13495
2023-12-19,FIREBALL CINNAMON WHISKEY,15780
2023-02-23,FIREBALL CINNAMON WHISKEY,11218
2024-01-07,FIREBALL CINNAMON WHISKEY,1861
2023-12-13,FIREBALL CINNAMON WHISKEY,10221
2023-06-29,FIREBALL CINNAMON WHISKEY,13244
2023-03-16,FIREBALL CINNAMON WHISKEY,11840
2023-10-18,FIREBALL CINNAMON WHISKEY,12672
2023-02-28,FIREBALL CINNAMON WHISKEY,10648
2023-10-16,FIREBALL CINNAMON WHISKEY,12979
2024-03-07,FIREBALL CINNAMON WHISKEY,10965
2024-02-15,FIREBALL CINNAMON WHISKEY,8381
2023-11-13,FIREBALL CINNAMON WHISKEY,5937
2023-08-31,FIREBALL CINNAMON WHISKEY,13383
2023-07-05,FIREBALL CINNAMON WHISKEY,8351
2023-01-03,FIREBALL CINNAMON WHISKEY,12539
2023-08-08,FIREBALL CINNAMON WHISKEY,11077
2024-03-06,FIREBALL CINNAMON WHISKEY,11326
2023-10-30,FIREBALL CINNAMON WHISKEY,12426
2023-09-13,FIREBALL CINNAMON WHISKEY,13383
2023-07-25,FIREBALL CINNAMON WHISKEY,10398
2023-04-18,FIREBALL CINNAMON WHISKEY,11660
2023-08-04,FIREBALL CINNAMON WHISKEY,14445
2023-05-10,FIREBALL CINNAMON WHISKEY,9661
2024-02-27,FIREBALL CINNAMON WHISKEY,13612
2023-08-30,FIREBALL CINNAMON WHISKEY,6665
2023-09-02,FIREBALL CINNAMON WHISKEY,24
2023-04-09,FIREBALL CINNAMON WHISKEY,12
2023-03-24,FIREBALL CINNAMON WHISKEY,14217
2023-03-20,FIREBALL CINNAMON WHISKEY,13220
2023-03-21,FIREBALL CINNAMON WHISKEY,10536
2023-11-07,FIREBALL CINNAMON WHISKEY,14889
2023-03-15,FIREBALL CINNAMON WHISKEY,8852
2023-01-30,FIREBALL CINNAMON WHISKEY,13888
2023-04-20,FIREBALL CINNAMON WHISKEY,10781
2023-08-16,FIREBALL CINNAMON WHISKEY,9396
2023-03-30,FIREBALL CINNAMON WHISKEY,6922
2023-09-29,FIREBALL CINNAMON WHISKEY,15194
2023-06-13,FIREBALL CINNAMON WHISKEY,10364
2023-08-18,FIREBALL CINNAMON WHISKEY,13718
2023-10-20,FIREBALL CINNAMON WHISKEY,8928
2023-11-15,FIREBALL CINNAMON WHISKEY,11362
2023-04-13,FIREBALL CINNAMON WHISKEY,9988
2023-08-02,FIREBALL CINNAMON WHISKEY,10683
2024-03-26,FIREBALL CINNAMON WHISKEY,14814
2023-10-03,FIREBALL CINNAMON WHISKEY,13477
2023-11-25,FIREBALL CINNAMON WHISKEY,1256
2023-03-22,FIREBALL CINNAMON WHISKEY,8281
2024-02-28,FIREBALL CINNAMON WHISKEY,9563
2023-10-13,FIREBALL CINNAMON WHISKEY,10310
2024-03-18,FIREBALL CINNAMON WHISKEY,12282
2023-02-10,FIREBALL CINNAMON WHISKEY,14212
2024-01-04,FIREBALL CINNAMON WHISKEY,11129
2023-12-14,FIREBALL CINNAMON WHISKEY,11289
2024-03-27,FIREBALL CINNAMON WHISKEY,9754
2024-02-06,FIREBALL CINNAMON WHISKEY,16234
2024-01-15,FIREBALL CINNAMON WHISKEY,12974
2023-04-24,FIREBALL CINNAMON WHISKEY,15277
2023-09-11,FIREBALL CINNAMON WHISKEY,9283
2023-10-31,FIREBALL CINNAMON WHISKEY,12410
2023-09-08,FIREBALL CINNAMON WHISKEY,12362
2023-04-14,FIREBALL CINNAMON WHISKEY,15717
2023-02-15,FIREBALL CINNAMON WHISKEY,9508
2024-03-04,FIREBALL CINNAMON WHISKEY,10533
2023-09-27,FIREBALL CINNAMON WHISKEY,9150
2023-01-26,FIREBALL CINNAMON WHISKEY,10596
2023-03-23,FIREBALL CINNAMON WHISKEY,10232
2024-01-31,FIREBALL CINNAMON WHISKEY,11107
2023-07-07,FIREBALL CINNAMON WHISKEY,11829
2023-10-04,FIREBALL CINNAMON WHISKEY,9321
2023-06-20,FIREBALL CINNAMON WHISKEY,9729
2023-01-10,FIREBALL CINNAMON WHISKEY,9741
2023-03-03,FIREBALL CINNAMON WHISKEY,19204
2023-10-23,FIREBALL CINNAMON WHISKEY,13590
2024-01-10,FIREBALL CINNAMON WHISKEY,12137
2024-01-29,FIREBALL CINNAMON WHISKEY,12056
2023-11-30,FIREBALL CINNAMON WHISKEY,10592
2023-02-16,FIREBALL CINNAMON WHISKEY,10932
2023-07-18,FIREBALL CINNAMON WHISKEY,11302
2023-09-21,FIREBALL CINNAMON WHISKEY,10784
2024-01-23,FIREBALL CINNAMON WHISKEY,9114
2023-08-15,FIREBALL CINNAMON WHISKEY,11756
2023-07-17,FIREBALL CINNAMON WHISKEY,13958
2023-03-17,FIREBALL CINNAMON WHISKEY,14295
2023-04-10,FIREBALL CINNAMON WHISKEY,14611
2023-08-09,FIREBALL CINNAMON WHISKEY,9511
2023-10-02,FIREBALL CINNAMON WHISKEY,11389
2024-01-18,FIREBALL CINNAMON WHISKEY,7709
2023-10-05,FIREBALL CINNAMON WHISKEY,11265
2023-03-09,FIREBALL CINNAMON WHISKEY,13196
2023-09-05,FIREBALL CINNAMON WHISKEY,13946
2023-06-12,FIREBALL CINNAMON WHISKEY,11458
2024-03-24,FIREBALL CINNAMON WHISKEY,2446
2023-11-12,FIREBALL CINNAMON WHISKEY,2040
2023-09-14,FIREBALL CINNAMON WHISKEY,9254
2023-03-08,FIREBALL CINNAMON WHISKEY,12207
2024-01-08,FIREBALL CINNAMON WHISKEY,10594
2023-01-04,FIREBALL CINNAMON WHISKEY,11054
2023-04-03,FIREBALL CINNAMON WHISKEY,14907
2023-07-20,FIREBALL CINNAMON WHISKEY,12050
2023-11-02,FIREBALL CINNAMON WHISKEY,12144
2023-03-28,FIREBALL CINNAMON WHISKEY,11328
2024-03-25,FIREBALL CINNAMON WHISKEY,8729
2023-12-30,FIREBALL CINNAMON WHISKEY,11376
2024-03-11,FIREBALL CINNAMON WHISKEY,9181
2023-01-23,FIREBALL CINNAMON WHISKEY,12764
2023-02-02,FIREBALL CINNAMON WHISKEY,10332
2024-02-19,FIREBALL CINNAMON WHISKEY,14243
2023-08-25,FIREBALL CINNAMON WHISKEY,16520
2023-07-12,FIREBALL CINNAMON WHISKEY,9911
2023-11-09,FIREBALL CINNAMON WHISKEY,10993
2023-06-27,FIREBALL CINNAMON WHISKEY,15676
2023-05-04,FIREBALL CINNAMON WHISKEY,11029
2023-06-15,FIREBALL CINNAMON WHISKEY,13102
2023-06-01,FIREBALL CINNAMON WHISKEY,11313
2023-11-14,FIREBALL CINNAMON WHISKEY,14421
2024-02-13,FIREBALL CINNAMON WHISKEY,9956
2024-02-29,FIREBALL CINNAMON WHISKEY,9775
2023-11-16,FIREBALL CINNAMON WHISKEY,10587
2024-02-12,FIREBALL CINNAMON WHISKEY,14331
2023-04-11,FIREBALL CINNAMON WHISKEY,10109
2023-11-08,FIREBALL CINNAMON WHISKEY,10511
2024-02-14,FIREBALL CINNAMON WHISKEY,11107
2023-02-13,FIREBALL CINNAMON WHISKEY,14424
2023-05-12,FIREBALL CINNAMON WHISKEY,14452
2023-09-28,FIREBALL CINNAMON WHISKEY,9473
2024-02-08,FIREBALL CINNAMON WHISKEY,11901
2023-03-29,FIREBALL CINNAMON WHISKEY,8938
2024-02-01,FIREBALL CINNAMON WHISKEY,9374
2024-02-11,FIREBALL CINNAMON WHISKEY,7918
2023-11-21,FIREBALL CINNAMON WHISKEY,19928
2023-01-06,FIREBALL CINNAMON WHISKEY,11738
2024-01-01,FIREBALL CINNAMON WHISKEY,60
2023-12-18,FIREBALL CINNAMON WHISKEY,12104
2023-01-17,FIREBALL CINNAMON WHISKEY,10306
2023-06-16,FIREBALL CINNAMON WHISKEY,11550
2023-07-11,FIREBALL CINNAMON WHISKEY,10609
2023-10-15,FIREBALL CINNAMON WHISKEY,3952
2023-04-25,FIREBALL CINNAMON WHISKEY,9333
2024-02-21,FIREBALL CINNAMON WHISKEY,12871
2023-04-28,FIREBALL CINNAMON WHISKEY,16326
2024-02-23,FIREBALL CINNAMON WHISKEY,8405
2023-10-27,FIREBALL CINNAMON WHISKEY,17255
2023-01-15,FIREBALL CINNAMON WHISKEY,192
2023-03-06,FIREBALL CINNAMON WHISKEY,15522
2023-12-28,FIREBALL CINNAMON WHISKEY,7511
2024-03-22,FIREBALL CINNAMON WHISKEY,10561
